D1,D2,ECFP4,ECFP2,MACCS,DL,AVG,Weighted
Ceritinib,Ceritinib,1.0,1.0,1.0,1.0,1.0,0.9999999999999999
Ceritinib,Ibrutinib,0.13636363636363635,0.16923076923076924,0.43010752688172044,0.3348694316436252,0.2676428410299378,0.2351499038595813
Ceritinib,Lenvatinib,0.21568627450980393,0.3392857142857143,0.45555555555555555,0.38552188552188554,0.34901235746823983,0.3277037178507767
Ceritinib,Nintedanib,0.13274336283185842,0.16923076923076924,0.4444444444444444,0.39794419970631423,0.2860906940533466,0.254419943975127
Ceritinib,Regorafenib,0.14018691588785046,0.25862068965517243,0.4588235294117647,0.32213740458015266,0.29494213488373505,0.26216585597812914
Ceritinib,Sunitinib,0.09259259259259259,0.13846153846153847,0.46808510638297873,0.3720136518771331,0.2677882223285607,0.22772884551767714
Ceritinib,Afatinib,0.1896551724137931,0.328125,0.5208333333333334,0.4188976377952756,0.36437778588560055,0.33308667639605394
Ceritinib,Axitinib,0.14563106796116504,0.20689655172413793,0.29213483146067415,0.31448763250883394,0.23978752091370276,0.2293180588043085
Ceritinib,Bosutinib,0.16822429906542055,0.2711864406779661,0.5222222222222223,0.41044776119402987,0.3430201807899097,0.30717977250344713
Ceritinib,Cabozantinib,0.1485148514851485,0.22807017543859648,0.4444444444444444,0.3854014598540146,0.301607732805551,0.2730403904777723
Ceritinib,Crizotinib,0.25,0.42592592592592593,0.6071428571428571,0.3758169934640523,0.4147214441332089,0.3762371615312792
Ceritinib,Dabrafenib,0.1553398058252427,0.21666666666666667,0.5795454545454546,0.32296296296296295,0.31862872250008173,0.26644537609100716
Ceritinib,Dasatinib,0.18691588785046728,0.3448275862068966,0.5543478260869565,0.3613193403298351,0.3618526601185389,0.3233536269248553
Ceritinib,Erlotinib,0.15789473684210525,0.24074074074074073,0.4482758620689655,0.3532423208191126,0.30003841511773105,0.27039092572748413
Ceritinib,Gefitinib,0.16981132075471697,0.26666666666666666,0.5454545454545454,0.3613861386138614,0.3358296678724476,0.29390469235602806
Ceritinib,Imatinib,0.21495327102803738,0.3333333333333333,0.4431818181818182,0.38200589970501475,0.3433685805620509,0.3234059330380974
Ceritinib,Lapatinib,0.1896551724137931,0.3064516129032258,0.7191011235955056,0.3888130968622101,0.40100525144368365,0.33738607701331924
Ceritinib,Nilotinib,0.18584070796460178,0.3,0.367816091954023,0.33146067415730335,0.296279368518982,0.28197202383197384
Ceritinib,Pazopanib,0.2079207920792079,0.32727272727272727,0.5164835164835165,0.37868852459016394,0.35759139010640395,0.32581296483098143
Ceritinib,Ponatinib,0.15384615384615385,0.24615384615384617,0.4166666666666667,0.3622994652406417,0.2947415329768271,0.2703565062388592
Ceritinib,Ruxolitinib,0.14,0.2033898305084746,0.29069767441860467,0.21754385964912282,0.21290784114405054,0.19734987448913968
Ceritinib,Sorafenib,0.13725490196078433,0.25,0.4588235294117647,0.32598425196850395,0.29301567083526325,0.25985409911996293
Ceritinib,Tofacitinib,0.11320754716981132,0.16923076923076924,0.3829787234042553,0.2338568935427574,0.22481848333689833,0.1931864353234269
Ceritinib,Trametinib,0.1415929203539823,0.21212121212121213,0.45652173913043476,0.38461538461538464,0.29871281405525346,0.2671510290402172
Ceritinib,Vandetanib,0.17475728155339806,0.2711864406779661,0.5168539325842697,0.39429530201342283,0.33927323920726415,0.30375710053186306
Ceritinib,Vemurafenib,0.1588785046728972,0.26229508196721313,0.5760869565217391,0.3868378812199037,0.3460246060954383,0.3000121360101781
Ibrutinib,Ceritinib,0.13636363636363635,0.16923076923076924,0.43010752688172044,0.3348694316436252,0.2676428410299378,0.2351499038595813
Ibrutinib,Ibrutinib,1.0,1.0,1.0,1.0,1.0,0.9999999999999999
Ibrutinib,Lenvatinib,0.19,0.26785714285714285,0.4358974358974359,0.32325141776937616,0.3042514991309887,0.27792231177769927
Ibrutinib,Nintedanib,0.11818181818181818,0.18032786885245902,0.5897435897435898,0.34796747967479674,0.30905518911316593,0.25291750898708115
Ibrutinib,Regorafenib,0.13592233009708737,0.21052631578947367,0.4,0.30122591943957966,0.2619186413315352,0.2343023695978422
Ibrutinib,Sunitinib,0.0761904761904762,0.1111111111111111,0.5063291139240507,0.31213872832369943,0.25144235738733434,0.20046500607999107
Ibrutinib,Afatinib,0.14655172413793102,0.22727272727272727,0.5875,0.4043321299638989,0.34141414534363934,0.2921969744123672
Ibrutinib,Axitinib,0.1188118811881188,0.17857142857142858,0.43283582089552236,0.3156779661016949,0.26147427418919117,0.22720196484792493
Ibrutinib,Bosutinib,0.08108108108108109,0.12698412698412698,0.5526315789473685,0.33225283630470015,0.2732374058293192,0.2173585712057093
Ibrutinib,Cabozantinib,0.15625,0.2222222222222222,0.4050632911392405,0.3474714518760196,0.2827517413093706,0.2582894313433966
Ibrutinib,Crizotinib,0.1650485436893204,0.2807017543859649,0.6571428571428571,0.37476099426386233,0.3694135373705012,0.31186767341603
Ibrutinib,Dabrafenib,0.10679611650485436,0.1896551724137931,0.31868131868131866,0.3184931506849315,0.23340643957122442,0.21635146374920555
Ibrutinib,Dasatinib,0.1509433962264151,0.21311475409836064,0.55,0.3652173913043478,0.3198188854072809,0.27378266248873706
Ibrutinib,Erlotinib,0.10526315789473684,0.14545454545454545,0.4861111111111111,0.32936507936507936,0.2665484734563682,0.22263594592541958
Ibrutinib,Gefitinib,0.11214953271028037,0.18032786885245902,0.581081081081081,0.3474088291746641,0.3052418279546211,0.2500739773293292
Ibrutinib,Imatinib,0.14678899082568808,0.22033898305084745,0.5652173913043478,0.4205933682373473,0.33823468335455764,0.2928381417645996
Ibrutinib,Lapatinib,0.10833333333333334,0.14925373134328357,0.4725274725274725,0.3790446841294299,0.2772898053333798,0.23824227189456126
Ibrutinib,Nilotinib,0.11206896551724138,0.1746031746031746,0.47058823529411764,0.3502454991816694,0.2768764686490508,0.23813411532003737
Ibrutinib,Pazopanib,0.10377358490566038,0.1694915254237288,0.4166666666666667,0.3650190114068441,0.263737697100725,0.23315190318753665
Ibrutinib,Ponatinib,0.1016949152542373,0.18461538461538463,0.647887323943662,0.39346811819595645,0.3319164355023101,0.2687222578140397
Ibrutinib,Ruxolitinib,0.13541666666666666,0.24074074074074073,0.559322033898305,0.2947845804988662,0.30756600545114465,0.2572147997617126
Ibrutinib,Sorafenib,0.14432989690721648,0.2,0.4,0.30490018148820325,0.2623075195988549,0.2347690235186259
Ibrutinib,Tofacitinib,0.18947368421052632,0.3090909090909091,0.6323529411764706,0.30648769574944074,0.3593513075568367,0.3047509808329099
Ibrutinib,Trametinib,0.13761467889908258,0.2459016393442623,0.4935064935064935,0.3338926174496644,0.3027288572998757,0.26457333005855216
Ibrutinib,Vandetanib,0.1485148514851485,0.22413793103448276,0.589041095890411,0.37475728155339805,0.3341127899908601,0.2831271288109499
Ibrutinib,Vemurafenib,0.11214953271028037,0.15873015873015872,0.4,0.37222222222222223,0.26077547841566534,0.2329305740987984
Lenvatinib,Ceritinib,0.21568627450980393,0.3392857142857143,0.45555555555555555,0.38552188552188554,0.34901235746823983,0.3277037178507767
Lenvatinib,Ibrutinib,0.19,0.26785714285714285,0.4358974358974359,0.32325141776937616,0.3042514991309887,0.27792231177769927
Lenvatinib,Lenvatinib,1.0,1.0,1.0,1.0,1.0,0.9999999999999999
Lenvatinib,Nintedanib,0.1509433962264151,0.26785714285714285,0.4523809523809524,0.39572192513368987,0.31672585414955007,0.28959483450326956
Lenvatinib,Regorafenib,0.28888888888888886,0.44680851063829785,0.7457627118644068,0.4024144869215292,0.47096864957828066,0.41600983712105544
Lenvatinib,Sunitinib,0.10891089108910891,0.1896551724137931,0.4444444444444444,0.3714902807775378,0.27862519718122103,0.24546134772857642
Lenvatinib,Afatinib,0.24528301886792453,0.40350877192982454,0.5625,0.42135922330097086,0.40816275352468,0.377295304229616
Lenvatinib,Axitinib,0.17894736842105263,0.3,0.38235294117647056,0.3561320754716981,0.3043580962673053,0.28875912728547226
Lenvatinib,Bosutinib,0.23958333333333334,0.34615384615384615,0.48717948717948717,0.3734513274336283,0.36159199852507373,0.336474500794191
Lenvatinib,Cabozantinib,0.42857142857142855,0.5116279069767442,0.7580645161290323,0.4338235294117647,0.5330218452722424,0.4880133111008844
Lenvatinib,Crizotinib,0.1553398058252427,0.2857142857142857,0.4805194805194805,0.42283298097251587,0.3361016382578812,0.3072180698055613
Lenvatinib,Dabrafenib,0.1414141414141414,0.23636363636363636,0.3409090909090909,0.33579335793357934,0.263620056655112,0.2481622498043162
Lenvatinib,Dasatinib,0.16346153846153846,0.2807017543859649,0.4523809523809524,0.34854014598540145,0.3112710978034643,0.2830491268879667
Lenvatinib,Erlotinib,0.20930232558139536,0.2653061224489796,0.5,0.35357917570498915,0.332046905933841,0.29845628712060923
Lenvatinib,Gefitinib,0.24210526315789474,0.33962264150943394,0.5131578947368421,0.3752620545073375,0.3675369634778771,0.33841277722608404
Lenvatinib,Imatinib,0.19230769230769232,0.2909090909090909,0.39473684210526316,0.3568904593639576,0.30871102117150095,0.29150585698474857
Lenvatinib,Lapatinib,0.168141592920354,0.288135593220339,0.48314606741573035,0.3737864077669903,0.3283024153308534,0.297333684913878
Lenvatinib,Nilotinib,0.15315315315315314,0.25862068965517243,0.42028985507246375,0.3407917383820998,0.2932138590657223,0.26779865986437396
Lenvatinib,Pazopanib,0.16,0.25925925925925924,0.3448275862068966,0.37423312883435583,0.2845799935751279,0.2725304750487742
Lenvatinib,Ponatinib,0.13157894736842105,0.22580645161290322,0.4024390243902439,0.34069400630914826,0.2751296074201791,0.24966772402616613
Lenvatinib,Ruxolitinib,0.1134020618556701,0.15789473684210525,0.25,0.19318181818181818,0.1786196542198984,0.16434358506387806
Lenvatinib,Sorafenib,0.26436781609195403,0.4444444444444444,0.7457627118644068,0.3991683991683992,0.4634358428923011,0.40697046909788
Lenvatinib,Tofacitinib,0.14285714285714285,0.22413793103448276,0.379746835443038,0.2144469525959368,0.2402972154826501,0.2124072914905725
Lenvatinib,Trametinib,0.1388888888888889,0.22950819672131148,0.6865671641791045,0.36429872495446264,0.3548157436859419,0.28846545958730935
Lenvatinib,Vandetanib,0.29213483146067415,0.37254901960784315,0.4805194805194805,0.38784067085953877,0.3832610006118842,0.36380930463036487
Lenvatinib,Vemurafenib,0.1919191919191919,0.3090909090909091,0.47619047619047616,0.4329896907216495,0.35254756698055667,0.32781898513857277
Nintedanib,Ceritinib,0.13274336283185842,0.16923076923076924,0.4444444444444444,0.39794419970631423,0.2860906940533466,0.254419943975127
Nintedanib,Ibrutinib,0.11818181818181818,0.18032786885245902,0.5897435897435898,0.34796747967479674,0.30905518911316593,0.25291750898708115
Nintedanib,Lenvatinib,0.1509433962264151,0.26785714285714285,0.4523809523809524,0.39572192513368987,0.31672585414955007,0.28959483450326956
Nintedanib,Nintedanib,1.0,1.0,1.0,1.0,1.0,0.9999999999999999
Nintedanib,Regorafenib,0.1320754716981132,0.21052631578947367,0.4375,0.34967320261437906,0.2824437475254915,0.2514324970305898
Nintedanib,Sunitinib,0.1836734693877551,0.32075471698113206,0.6753246753246753,0.39416058394160586,0.3934783614087921,0.33710909862561544
Nintedanib,Afatinib,0.19298245614035087,0.265625,0.6506024096385542,0.4022801302931596,0.3778724990180162,0.32332651689390857
Nintedanib,Axitinib,0.16,0.24528301886792453,0.39473684210526316,0.2753623188405797,0.2688455449534418,0.2436672855230776
Nintedanib,Bosutinib,0.18269230769230768,0.26785714285714285,0.6623376623376623,0.4162754303599374,0.3822906358117626,0.32628123050658264
Nintedanib,Cabozantinib,0.2,0.32,0.49382716049382713,0.4027777777777778,0.3541512345679012,0.32621604938271603
Nintedanib,Crizotinib,0.09821428571428571,0.140625,0.4823529411764706,0.29983792544570503,0.25525753808411533,0.2098384574656443
Nintedanib,Dabrafenib,0.07339449541284404,0.13114754098360656,0.3,0.29635258358662614,0.20022365499576916,0.180268385994923
Nintedanib,Dasatinib,0.16822429906542055,0.2982456140350877,0.5764705882352941,0.40226171243941844,0.3613005534438052,0.31826654648550745
Nintedanib,Erlotinib,0.17391304347826086,0.23529411764705882,0.56,0.3005181347150259,0.31743132396008644,0.2689175887521037
Nintedanib,Gefitinib,0.2079207920792079,0.2857142857142857,0.5875,0.3441780821917808,0.3563282899963186,0.3100939479955823
Nintedanib,Imatinib,0.24271844660194175,0.38461538461538464,0.6388888888888888,0.4729064039408867,0.4347822810117755,0.3939609594363528
Nintedanib,Lapatinib,0.14285714285714285,0.18461538461538463,0.5319148936170213,0.3813559322033898,0.31018583832323465,0.2658400272644773
Nintedanib,Nilotinib,0.13793103448275862,0.23333333333333334,0.4473684210526316,0.3392330383480826,0.2894664568042015,0.2578860639545155
Nintedanib,Pazopanib,0.18811881188118812,0.2777777777777778,0.3870967741935484,0.3530405405405405,0.3015084760982637,0.2843908164792067
Nintedanib,Ponatinib,0.23148148148148148,0.3508771929824561,0.6075949367088608,0.43759177679882527,0.40688634699290593,0.36674462904971494
Nintedanib,Ruxolitinib,0.07692307692307693,0.13559322033898305,0.36,0.1657754010695187,0.18457292458289468,0.1494875094994736
Nintedanib,Sorafenib,0.15151515151515152,0.2222222222222222,0.4375,0.34338358458961477,0.2886552395817471,0.25888628749809656
Nintedanib,Tofacitinib,0.1485148514851485,0.2631578947368421,0.6805555555555556,0.22385321100917432,0.3290203781966801,0.25871334272490504
Nintedanib,Trametinib,0.15454545454545454,0.26666666666666666,0.5432098765432098,0.367601246105919,0.3330058109653125,0.29096499784973306
Nintedanib,Vandetanib,0.20202020202020202,0.26785714285714285,0.5949367088607594,0.38528896672504376,0.362525755115787,0.3160435643667925
Nintedanib,Vemurafenib,0.11926605504587157,0.21666666666666667,0.4020618556701031,0.39661016949152544,0.2836511867185417,0.2599690529282294
Regorafenib,Ceritinib,0.14018691588785046,0.25862068965517243,0.4588235294117647,0.32213740458015266,0.29494213488373505,0.26216585597812914
Regorafenib,Ibrutinib,0.13592233009708737,0.21052631578947367,0.4,0.30122591943957966,0.2619186413315352,0.2343023695978422
Regorafenib,Lenvatinib,0.28888888888888886,0.44680851063829785,0.7457627118644068,0.4024144869215292,0.47096864957828066,0.41600983712105544
Regorafenib,Nintedanib,0.1320754716981132,0.21052631578947367,0.4375,0.34967320261437906,0.2824437475254915,0.2514324970305898
Regorafenib,Regorafenib,1.0,1.0,1.0,1.0,1.0,0.9999999999999999
Regorafenib,Sunitinib,0.13402061855670103,0.21818181818181817,0.41025641025641024,0.31650485436893205,0.2697409253409654,0.24163782835787637
Regorafenib,Afatinib,0.21495327102803738,0.3684210526315789,0.5526315789473685,0.36925795053003535,0.376315963284255,0.34105284015163234
Regorafenib,Axitinib,0.1956521739130435,0.3125,0.38095238095238093,0.35824175824175825,0.3118365782767957,0.29801341774167855
Regorafenib,Bosutinib,0.14705882352941177,0.21428571428571427,0.47297297297297297,0.3188405797101449,0.288289522624561,0.2513528325548786
Regorafenib,Cabozantinib,0.2558139534883721,0.4318181818181818,0.6721311475409836,0.443859649122807,0.4509057329925862,0.40666065008290664
Regorafenib,Crizotinib,0.14705882352941177,0.25,0.4657534246575342,0.30418943533697634,0.2917504208809806,0.2569498201256698
Regorafenib,Dabrafenib,0.18085106382978725,0.2692307692307692,0.3875,0.38198198198198197,0.30489095376063463,0.2883691445127615
Regorafenib,Dasatinib,0.20202020202020202,0.3148148148148148,0.45569620253164556,0.3254237288135593,0.32448873704505543,0.2982472439477374
Regorafenib,Erlotinib,0.12087912087912088,0.2,0.4626865671641791,0.2802303262955854,0.26594900358472134,0.2266014908688298
Regorafenib,Gefitinib,0.1836734693877551,0.3018867924528302,0.5211267605633803,0.30654205607476637,0.328307269619683,0.28974337143094353
Regorafenib,Imatinib,0.2079207920792079,0.3018867924528302,0.4142857142857143,0.37457627118644066,0.32466739250104826,0.30674372814411505
Regorafenib,Lapatinib,0.18181818181818182,0.2982456140350877,0.47058823529411764,0.3765432098765432,0.33179881025598257,0.3040409252483556
Regorafenib,Nilotinib,0.21153846153846154,0.39215686274509803,0.5423728813559322,0.4446397188049209,0.39767698111110317,0.3687378010621374
Regorafenib,Pazopanib,0.16326530612244897,0.2222222222222222,0.34146341463414637,0.333955223880597,0.26522654171485366,0.24997916713099508
Regorafenib,Ponatinib,0.25742574257425743,0.37037037037037035,0.42105263157894735,0.36335877862595417,0.3530518807873823,0.33945173062906936
Regorafenib,Ruxolitinib,0.06,0.0847457627118644,0.2028985507246377,0.15447154471544716,0.12552896453798731,0.11005504730065722
Regorafenib,Sorafenib,0.8305084745762712,0.9090909090909091,1.0,0.9042553191489362,0.9109636757040291,0.8931564108448348
Regorafenib,Tofacitinib,0.0891089108910891,0.15,0.36,0.2028985507246377,0.2005018654039317,0.16860223848471803
Regorafenib,Trametinib,0.18627450980392157,0.25862068965517243,0.6060606060606061,0.37261698440207974,0.35589319748044496,0.30585971576441273
Regorafenib,Vandetanib,0.16494845360824742,0.23636363636363636,0.4657534246575342,0.325187969924812,0.2980633711385575,0.26452536043476216
Regorafenib,Vemurafenib,0.1958762886597938,0.34615384615384615,0.4444444444444444,0.3977272727272727,0.34605046299633924,0.32637166670671824
Sunitinib,Ceritinib,0.09259259259259259,0.13846153846153847,0.46808510638297873,0.3720136518771331,0.2677882223285607,0.22772884551767714
Sunitinib,Ibrutinib,0.0761904761904762,0.1111111111111111,0.5063291139240507,0.31213872832369943,0.25144235738733434,0.20046500607999107
Sunitinib,Lenvatinib,0.10891089108910891,0.1896551724137931,0.4444444444444444,0.3714902807775378,0.27862519718122103,0.24546134772857642
Sunitinib,Nintedanib,0.1836734693877551,0.32075471698113206,0.6753246753246753,0.39416058394160586,0.3934783614087921,0.33710909862561544
Sunitinib,Regorafenib,0.13402061855670103,0.21818181818181817,0.41025641025641024,0.31650485436893205,0.2697409253409654,0.24163782835787637
Sunitinib,Sunitinib,1.0,1.0,1.0,1.0,1.0,0.9999999999999999
Sunitinib,Afatinib,0.14545454545454545,0.234375,0.6097560975609756,0.3844660194174757,0.34351291560824915,0.2902642792177039
Sunitinib,Axitinib,0.16483516483516483,0.30612244897959184,0.3835616438356164,0.2840646651270208,0.28464598069434843,0.2648628480660949
Sunitinib,Bosutinib,0.08653846153846154,0.11290322580645161,0.5569620253164557,0.38391224862888484,0.28507899032256345,0.23070238332378495
Sunitinib,Cabozantinib,0.16853932584269662,0.28,0.48717948717948717,0.32578397212543553,0.3153756962869048,0.28101493810838835
Sunitinib,Crizotinib,0.0761904761904762,0.12698412698412698,0.5125,0.3374233128834356,0.2632744790145097,0.21342937481741162
Sunitinib,Dabrafenib,0.10309278350515463,0.15517241379310345,0.34408602150537637,0.2959558823529412,0.2245767752891439,0.20067492604589743
Sunitinib,Dasatinib,0.15,0.2413793103448276,0.5925925925925926,0.39805825242718446,0.34550753884115115,0.2960905280908629
Sunitinib,Erlotinib,0.10112359550561797,0.1509433962264151,0.4177215189873418,0.35044642857142855,0.25505873482270086,0.22252617798977264
Sunitinib,Gefitinib,0.10891089108910891,0.16666666666666666,0.5061728395061729,0.3787878787878788,0.2901345690124568,0.24692691491371357
Sunitinib,Imatinib,0.1346153846153846,0.20689655172413793,0.547945205479452,0.38961038961038963,0.31976688285734106,0.27413121833291887
Sunitinib,Lapatinib,0.14545454545454545,0.20967741935483872,0.4946236559139785,0.3258785942492013,0.29390855374314095,0.25376553330897345
Sunitinib,Nilotinib,0.12962962962962962,0.2,0.4788732394366197,0.2859560067681895,0.2736147189586097,0.23256301486300768
Sunitinib,Pazopanib,0.1111111111111111,0.17543859649122806,0.34782608695652173,0.33811475409836067,0.24312263716430538,0.22218194720586212
Sunitinib,Ponatinib,0.1388888888888889,0.20967741935483872,0.5844155844155844,0.3446601941747573,0.31941052170851736,0.26640950916710393
Sunitinib,Ruxolitinib,0.07368421052631578,0.1016949152542373,0.3472222222222222,0.20763723150357996,0.18255964487658882,0.14962712940746214
Sunitinib,Sorafenib,0.13043478260869565,0.20754716981132076,0.41025641025641024,0.30538922155688625,0.26340689605832823,0.23403699321871183
Sunitinib,Tofacitinib,0.1276595744680851,0.20689655172413793,0.589041095890411,0.2446043165467626,0.2920503846573491,0.23265224241073676
Sunitinib,Trametinib,0.17,0.23333333333333334,0.5384615384615384,0.36704119850187267,0.3272090175741861,0.28495851339671563
Sunitinib,Vandetanib,0.10101010101010101,0.1694915254237288,0.5512820512820513,0.44170403587443946,0.31587192839758016,0.2687899038206859
Sunitinib,Vemurafenib,0.17894736842105263,0.2909090909090909,0.43956043956043955,0.4112734864300626,0.33017259633016144,0.3082950276841058
Afatinib,Ceritinib,0.1896551724137931,0.328125,0.5208333333333334,0.4188976377952756,0.36437778588560055,0.33308667639605394
Afatinib,Ibrutinib,0.14655172413793102,0.22727272727272727,0.5875,0.4043321299638989,0.34141414534363934,0.2921969744123672
Afatinib,Lenvatinib,0.24528301886792453,0.40350877192982454,0.5625,0.42135922330097086,0.40816275352468,0.377295304229616
Afatinib,Nintedanib,0.19298245614035087,0.265625,0.6506024096385542,0.4022801302931596,0.3778724990180162,0.32332651689390857
Afatinib,Regorafenib,0.21495327102803738,0.3684210526315789,0.5526315789473685,0.36925795053003535,0.376315963284255,0.34105284015163234
Afatinib,Sunitinib,0.14545454545454545,0.234375,0.6097560975609756,0.3844660194174757,0.34351291560824915,0.2902642792177039
Afatinib,Afatinib,1.0,1.0,1.0,1.0,1.0,0.9999999999999999
Afatinib,Axitinib,0.14545454545454545,0.20967741935483872,0.3974358974358974,0.3191919191919192,0.26793994535930016,0.24204075494398072
Afatinib,Bosutinib,0.1981981981981982,0.3114754098360656,0.7012987012987013,0.43529411764705883,0.411566606745006,0.35362018783426696
Afatinib,Cabozantinib,0.24,0.36363636363636365,0.6103896103896104,0.4205298013245033,0.40863894383761934,0.3682888105272211
Afatinib,Crizotinib,0.1981981981981982,0.30158730158730157,0.6125,0.39332096474953615,0.376401616133759,0.32918193936051077
Afatinib,Dabrafenib,0.13392857142857142,0.21875,0.35714285714285715,0.33001658374792703,0.2599595030798389,0.24052283226723525
Afatinib,Dasatinib,0.20535714285714285,0.31746031746031744,0.6506024096385542,0.39419795221843,0.3919044555436111,0.34016486472462254
Afatinib,Erlotinib,0.2967032967032967,0.3333333333333333,0.6438356164383562,0.43558282208588955,0.42736376714021895,0.38406939728059153
Afatinib,Gefitinib,0.45054945054945056,0.5283018867924528,0.7808219178082192,0.4534653465346535,0.553284650421194,0.507777196943789
Afatinib,Imatinib,0.1694915254237288,0.2857142857142857,0.5316455696202531,0.42905405405405406,0.3539763587030804,0.3184425165196459
Afatinib,Lapatinib,0.2920353982300885,0.3870967741935484,0.651685393258427,0.41960183767228176,0.4376048508385864,0.3947887423546183
Afatinib,Nilotinib,0.14516129032258066,0.25757575757575757,0.4868421052631579,0.3646496815286624,0.3135572086725396,0.27890022935441594
Afatinib,Pazopanib,0.18181818181818182,0.25806451612903225,0.375,0.3786764705882353,0.29838979213386235,0.2830677505606348
Afatinib,Ponatinib,0.1721311475409836,0.2463768115942029,0.6049382716049383,0.41896024464831805,0.3606016188471107,0.3117342882955452
Afatinib,Ruxolitinib,0.10909090909090909,0.16923076923076924,0.34615384615384615,0.2615062761506276,0.22149545015653802,0.1965637709570764
Afatinib,Sorafenib,0.19230769230769232,0.3157894736842105,0.5526315789473685,0.3679417122040073,0.35716761428581967,0.31807482135350984
Afatinib,Tofacitinib,0.16666666666666666,0.265625,0.6103896103896104,0.3023255813953488,0.3362517146129065,0.28142413545756567
Afatinib,Trametinib,0.1810344827586207,0.2878787878787879,0.6,0.36468646864686466,0.35839993482106836,0.31007992178528193
Afatinib,Vandetanib,0.30303030303030304,0.40350877192982454,0.72,0.47410358565737054,0.47516066515437455,0.4261927981852494
Afatinib,Vemurafenib,0.2,0.30158730158730157,0.4946236559139785,0.4368029739776952,0.3582534828697438,0.33097944826089687
Axitinib,Ceritinib,0.14563106796116504,0.20689655172413793,0.29213483146067415,0.31448763250883394,0.23978752091370276,0.2293180588043085
Axitinib,Ibrutinib,0.1188118811881188,0.17857142857142858,0.43283582089552236,0.3156779661016949,0.26147427418919117,0.22720196484792493
Axitinib,Lenvatinib,0.17894736842105263,0.3,0.38235294117647056,0.3561320754716981,0.3043580962673053,0.28875912728547226
Axitinib,Nintedanib,0.16,0.24528301886792453,0.39473684210526316,0.2753623188405797,0.2688455449534418,0.2436672855230776
Axitinib,Regorafenib,0.1956521739130435,0.3125,0.38095238095238093,0.35824175824175825,0.3118365782767957,0.29801341774167855
Axitinib,Sunitinib,0.16483516483516483,0.30612244897959184,0.3835616438356164,0.2840646651270208,0.28464598069434843,0.2648628480660949
Axitinib,Afatinib,0.14545454545454545,0.20967741935483872,0.3974358974358974,0.3191919191919192,0.26793994535930016,0.24204075494398072
Axitinib,Axitinib,1.0,1.0,1.0,1.0,1.0,0.9999999999999999
Axitinib,Bosutinib,0.0970873786407767,0.14035087719298245,0.2987012987012987,0.24910394265232974,0.1963108742968469,0.17583278941595654
Axitinib,Cabozantinib,0.18181818181818182,0.2765957446808511,0.4090909090909091,0.34807692307692306,0.3038954396667163,0.2828563457818777
Axitinib,Crizotinib,0.08653846153846154,0.13559322033898305,0.3611111111111111,0.29694323144104806,0.22004650610740095,0.1918335851066589
Axitinib,Dabrafenib,0.15053763440860216,0.21153846153846154,0.43661971830985913,0.36363636363636365,0.2905830444733216,0.2613757097060141
Axitinib,Dasatinib,0.13861386138613863,0.23636363636363636,0.37662337662337664,0.27906976744186046,0.257667660453753,0.2338765172198283
Axitinib,Erlotinib,0.15294117647058825,0.2127659574468085,0.3484848484848485,0.3038277511961722,0.25450493339960434,0.23570895038255552
Axitinib,Gefitinib,0.13131313131313133,0.15789473684210525,0.3026315789473684,0.24622030237580994,0.20951493736960375,0.1908916090540508
Axitinib,Imatinib,0.1568627450980392,0.2692307692307692,0.40625,0.37524950099800397,0.3018982538317031,0.2810279045980437
Axitinib,Lapatinib,0.14545454545454545,0.2033898305084746,0.3181818181818182,0.34615384615384615,0.2532950100746711,0.2403176484532417
Axitinib,Nilotinib,0.14018691588785046,0.25925925925925924,0.4909090909090909,0.40562248995983935,0.32399443900401,0.2906115086229938
Axitinib,Pazopanib,0.14583333333333334,0.21153846153846154,0.5303030303030303,0.4052132701421801,0.3232220238292513,0.28180582253449554
Axitinib,Ponatinib,0.1388888888888889,0.24561403508771928,0.47761194029850745,0.313458262350937,0.2938932816565132,0.2571495499281143
Axitinib,Ruxolitinib,0.07368421052631578,0.12962962962962962,0.4230769230769231,0.16753926701570682,0.1984825075621438,0.15356362445918798
Axitinib,Sorafenib,0.20930232558139536,0.3333333333333333,0.38095238095238093,0.36551724137931035,0.32227632031160497,0.3105411081834498
Axitinib,Tofacitinib,0.11578947368421053,0.2,0.4307692307692308,0.18911917098445596,0.23391946885947432,0.194549516477523
Axitinib,Trametinib,0.10377358490566038,0.16666666666666666,0.4057971014492754,0.3137254901960784,0.2474907108044202,0.21582943267544916
Axitinib,Vandetanib,0.14736842105263157,0.18181818181818182,0.30666666666666664,0.3042505592841163,0.2350259572053991,0.22069781531314558
Axitinib,Vemurafenib,0.16666666666666666,0.28846153846153844,0.38461538461538464,0.3598233995584989,0.29989174732552215,0.28294701986754967
Bosutinib,Ceritinib,0.16822429906542055,0.2711864406779661,0.5222222222222223,0.41044776119402987,0.3430201807899097,0.30717977250344713
Bosutinib,Ibrutinib,0.08108108108108109,0.12698412698412698,0.5526315789473685,0.33225283630470015,0.2732374058293192,0.2173585712057093
Bosutinib,Lenvatinib,0.23958333333333334,0.34615384615384615,0.48717948717948717,0.3734513274336283,0.36159199852507373,0.336474500794191
Bosutinib,Nintedanib,0.18269230769230768,0.26785714285714285,0.6623376623376623,0.4162754303599374,0.3822906358117626,0.32628123050658264
Bosutinib,Regorafenib,0.14705882352941177,0.21428571428571427,0.47297297297297297,0.3188405797101449,0.288289522624561,0.2513528325548786
Bosutinib,Sunitinib,0.08653846153846154,0.11290322580645161,0.5569620253164557,0.38391224862888484,0.28507899032256345,0.23070238332378495
Bosutinib,Afatinib,0.1981981981981982,0.3114754098360656,0.7012987012987013,0.43529411764705883,0.411566606745006,0.35362018783426696
Bosutinib,Axitinib,0.0970873786407767,0.14035087719298245,0.2987012987012987,0.24910394265232974,0.1963108742968469,0.17583278941595654
Bosutinib,Bosutinib,1.0,1.0,1.0,1.0,1.0,0.9999999999999999
Bosutinib,Cabozantinib,0.20652173913043478,0.27450980392156865,0.5131578947368421,0.35843373493975905,0.33815579318215117,0.3031553728712129
Bosutinib,Crizotinib,0.15384615384615385,0.2413793103448276,0.5789473684210527,0.38501742160278746,0.3397975635537054,0.29196760258023596
Bosutinib,Dabrafenib,0.11764705882352941,0.15254237288135594,0.30526315789473685,0.2740963855421687,0.2123872437854477,0.19381206096358988
Bosutinib,Dasatinib,0.23232323232323232,0.35185185185185186,0.5802469135802469,0.4207920792079208,0.396303519240813,0.35951484037292614
Bosutinib,Erlotinib,0.26506024096385544,0.37777777777777777,0.7076923076923077,0.42366412213740456,0.44354861214283636,0.3907198730329421
Bosutinib,Gefitinib,0.43373493975903615,0.5777777777777777,0.8333333333333334,0.5405940594059406,0.596360027569022,0.5489653664161597
Bosutinib,Imatinib,0.20192307692307693,0.33962264150943394,0.5774647887323944,0.4060031595576619,0.38125341668064183,0.3420111422702913
Bosutinib,Lapatinib,0.1875,0.288135593220339,0.6046511627906976,0.38912732474964234,0.36735352019016976,0.3198939916700641
Bosutinib,Nilotinib,0.11206896551724138,0.19672131147540983,0.40540540540540543,0.3020231213872832,0.254054700946335,0.22378456005452088
Bosutinib,Pazopanib,0.13592233009708737,0.23636363636363636,0.3516483516483517,0.2973856209150327,0.25532998475602703,0.2360663113775621
Bosutinib,Ponatinib,0.1926605504587156,0.288135593220339,0.5921052631578947,0.4107402031930334,0.3709104025074957,0.32667143037741586
Bosutinib,Ruxolitinib,0.14736842105263157,0.2222222222222222,0.391304347826087,0.2514506769825919,0.25308641702088314,0.2254428308598424
Bosutinib,Sorafenib,0.14432989690721648,0.2037037037037037,0.47297297297297297,0.30327868852459017,0.28107131552712084,0.24269098403795042
Bosutinib,Tofacitinib,0.1414141414141414,0.22413793103448276,0.6428571428571429,0.25,0.3146023038264418,0.2489513360203015
Bosutinib,Trametinib,0.09734513274336283,0.15384615384615385,0.5454545454545454,0.30194319880418535,0.2746472577120619,0.22048580016356514
Bosutinib,Vandetanib,0.3333333333333333,0.4583333333333333,0.8461538461538461,0.4654205607476635,0.525810268392044,0.46174155283968366
Bosutinib,Vemurafenib,0.12264150943396226,0.22033898305084745,0.42857142857142855,0.3504132231404959,0.28049128604918355,0.25087525754473455
Cabozantinib,Ceritinib,0.1485148514851485,0.22807017543859648,0.4444444444444444,0.3854014598540146,0.301607732805551,0.2730403904777723
Cabozantinib,Ibrutinib,0.15625,0.2222222222222222,0.4050632911392405,0.3474714518760196,0.2827517413093706,0.2582894313433966
Cabozantinib,Lenvatinib,0.42857142857142855,0.5116279069767442,0.7580645161290323,0.4338235294117647,0.5330218452722424,0.4880133111008844
Cabozantinib,Nintedanib,0.2,0.32,0.49382716049382713,0.4027777777777778,0.3541512345679012,0.32621604938271603
Cabozantinib,Regorafenib,0.2558139534883721,0.4318181818181818,0.6721311475409836,0.443859649122807,0.4509057329925862,0.40666065008290664
Cabozantinib,Sunitinib,0.16853932584269662,0.28,0.48717948717948717,0.32578397212543553,0.3153756962869048,0.28101493810838835
Cabozantinib,Afatinib,0.24,0.36363636363636365,0.6103896103896104,0.4205298013245033,0.40863894383761934,0.3682888105272211
Cabozantinib,Axitinib,0.18181818181818182,0.2765957446808511,0.4090909090909091,0.34807692307692306,0.3038954396667163,0.2828563457818777
Cabozantinib,Bosutinib,0.20652173913043478,0.27450980392156865,0.5131578947368421,0.35843373493975905,0.33815579318215117,0.3031553728712129
Cabozantinib,Cabozantinib,1.0,1.0,1.0,1.0,1.0,0.9999999999999999
Cabozantinib,Crizotinib,0.1326530612244898,0.21818181818181817,0.43037974683544306,0.34285714285714286,0.2810179422747235,0.25114558136257953
Cabozantinib,Dabrafenib,0.15384615384615385,0.26,0.3764705882352941,0.3687600644122383,0.28976920162342157,0.27242892430104704
Cabozantinib,Dasatinib,0.15306122448979592,0.25925925925925924,0.4069767441860465,0.34108527131782945,0.2900956248132328,0.26671940093867
Cabozantinib,Erlotinib,0.23076923076923078,0.32558139534883723,0.5522388059701493,0.3489208633093525,0.36437757384939246,0.3268053274252411
Cabozantinib,Gefitinib,0.27906976744186046,0.375,0.52,0.3459552495697074,0.380006254252892,0.35200750510347034
Cabozantinib,Imatinib,0.1958762886597938,0.32,0.4,0.4258373205741627,0.33542840230848914,0.322514082770187
Cabozantinib,Lapatinib,0.19230769230769232,0.33962264150943394,0.47191011235955055,0.4444444444444444,0.3620712226552803,0.3401034447144262
Cabozantinib,Nilotinib,0.1650485436893204,0.3076923076923077,0.4696969696969697,0.454983922829582,0.349355435977045,0.32528712923306
Cabozantinib,Pazopanib,0.2,0.2857142857142857,0.3488372093023256,0.3641025641025641,0.29966351477979386,0.2898287758752875
Cabozantinib,Ponatinib,0.16346153846153846,0.2909090909090909,0.425,0.40028694404591103,0.3199143933541351,0.2988972720249621
Cabozantinib,Ruxolitinib,0.08695652173913043,0.12962962962962962,0.2361111111111111,0.17297297297297298,0.15641755886321101,0.140478848413631
Cabozantinib,Sorafenib,0.2911392405063291,0.42857142857142855,0.6721311475409836,0.447463768115942,0.4598263961836708,0.41736544591220825
Cabozantinib,Tofacitinib,0.13043478260869565,0.2,0.38461538461538464,0.20508166969147004,0.23003295922888756,0.19911647415158815
Cabozantinib,Trametinib,0.13861386138613863,0.25,0.6716417910447762,0.3866877971473851,0.361735862394575,0.29975467666453476
Cabozantinib,Vandetanib,0.25882352941176473,0.3541666666666667,0.527027027027027,0.347008547008547,0.3717564425285014,0.3407023256287962
Cabozantinib,Vemurafenib,0.15789473684210525,0.28846153846153844,0.43023255813953487,0.3938879456706282,0.3176191947784517,0.29509652210623505
Crizotinib,Ceritinib,0.25,0.42592592592592593,0.6071428571428571,0.3758169934640523,0.4147214441332089,0.3762371615312792
Crizotinib,Ibrutinib,0.1650485436893204,0.2807017543859649,0.6571428571428571,0.37476099426386233,0.3694135373705012,0.31186767341603
Crizotinib,Lenvatinib,0.1553398058252427,0.2857142857142857,0.4805194805194805,0.42283298097251587,0.3361016382578812,0.3072180698055613
Crizotinib,Nintedanib,0.09821428571428571,0.140625,0.4823529411764706,0.29983792544570503,0.25525753808411533,0.2098384574656443
Crizotinib,Regorafenib,0.14705882352941177,0.25,0.4657534246575342,0.30418943533697634,0.2917504208809806,0.2569498201256698
Crizotinib,Sunitinib,0.0761904761904762,0.12698412698412698,0.5125,0.3374233128834356,0.2632744790145097,0.21342937481741162
Crizotinib,Afatinib,0.1981981981981982,0.30158730158730157,0.6125,0.39332096474953615,0.376401616133759,0.32918193936051077
Crizotinib,Axitinib,0.08653846153846154,0.13559322033898305,0.3611111111111111,0.29694323144104806,0.22004650610740095,0.1918335851066589
Crizotinib,Bosutinib,0.15384615384615385,0.2413793103448276,0.5789473684210527,0.38501742160278746,0.3397975635537054,0.29196760258023596
Crizotinib,Cabozantinib,0.1326530612244898,0.21818181818181817,0.43037974683544306,0.34285714285714286,0.2810179422747235,0.25114558136257953
Crizotinib,Crizotinib,1.0,1.0,1.0,1.0,1.0,0.9999999999999999
Crizotinib,Dabrafenib,0.10679611650485436,0.1864406779661017,0.40229885057471265,0.31504424778761064,0.25264497320831986,0.22271419773504125
Crizotinib,Dasatinib,0.14018691588785046,0.25,0.6363636363636364,0.3487544483985765,0.34382625016251583,0.28531877292229174
Crizotinib,Erlotinib,0.10526315789473684,0.16363636363636364,0.47297297297297297,0.3367983367983368,0.26966770782560257,0.22900665479612847
Crizotinib,Gefitinib,0.21428571428571427,0.30357142857142855,0.676056338028169,0.37755102040816324,0.39286612532336873,0.33622808278240873
Crizotinib,Imatinib,0.12612612612612611,0.1774193548387097,0.5068493150684932,0.32046979865771813,0.2827161486727618,0.23788951539361552
Crizotinib,Lapatinib,0.1565217391304348,0.23809523809523808,0.6190476190476191,0.3499222395023328,0.3408967089439062,0.2852665269231636
Crizotinib,Nilotinib,0.11206896551724138,0.19047619047619047,0.4782608695652174,0.30392156862745096,0.2711818985465251,0.22976610434278658
Crizotinib,Pazopanib,0.10377358490566038,0.16666666666666666,0.39080459770114945,0.31368821292775667,0.24373326555030828,0.21431899912014005
Crizotinib,Ponatinib,0.13043478260869565,0.2,0.5866666666666667,0.3048048048048048,0.30547656352004177,0.2492385428907168
Crizotinib,Ruxolitinib,0.17204301075268819,0.2830188679245283,0.49206349206349204,0.25635103926096997,0.30086910250041965,0.26263022458780516
Crizotinib,Sorafenib,0.1326530612244898,0.21818181818181817,0.4657534246575342,0.3007518796992481,0.2793350459407726,0.24205137019742023
Crizotinib,Tofacitinib,0.1188118811881188,0.1774193548387097,0.4868421052631579,0.24330357142857142,0.25659422817963945,0.21054465276293577
Crizotinib,Trametinib,0.13761467889908258,0.203125,0.4810126582278481,0.31732418524871353,0.28476913059391107,0.24552042506712365
Crizotinib,Vandetanib,0.1958762886597938,0.2857142857142857,0.6388888888888888,0.3813387423935091,0.3754545514141194,0.32276768391916544
Crizotinib,Vemurafenib,0.19,0.2542372881355932,0.47126436781609193,0.34210526315789475,0.314401729777395,0.2830292021696556
Dabrafenib,Ceritinib,0.1553398058252427,0.21666666666666667,0.5795454545454546,0.32296296296296295,0.31862872250008173,0.26644537609100716
Dabrafenib,Ibrutinib,0.10679611650485436,0.1896551724137931,0.31868131868131866,0.3184931506849315,0.23340643957122442,0.21635146374920555
Dabrafenib,Lenvatinib,0.1414141414141414,0.23636363636363636,0.3409090909090909,0.33579335793357934,0.263620056655112,0.2481622498043162
Dabrafenib,Nintedanib,0.07339449541284404,0.13114754098360656,0.3,0.29635258358662614,0.20022365499576916,0.180268385994923
Dabrafenib,Regorafenib,0.18085106382978725,0.2692307692307692,0.3875,0.38198198198198197,0.30489095376063463,0.2883691445127615
Dabrafenib,Sunitinib,0.10309278350515463,0.15517241379310345,0.34408602150537637,0.2959558823529412,0.2245767752891439,0.20067492604589743
Dabrafenib,Afatinib,0.13392857142857142,0.21875,0.35714285714285715,0.33001658374792703,0.2599595030798389,0.24052283226723525
Dabrafenib,Axitinib,0.15053763440860216,0.21153846153846154,0.43661971830985913,0.36363636363636365,0.2905830444733216,0.2613757097060141
Dabrafenib,Bosutinib,0.11764705882352941,0.15254237288135594,0.30526315789473685,0.2740963855421687,0.2123872437854477,0.19381206096358988
Dabrafenib,Cabozantinib,0.15384615384615385,0.26,0.3764705882352941,0.3687600644122383,0.28976920162342157,0.27242892430104704
Dabrafenib,Crizotinib,0.10679611650485436,0.1864406779661017,0.40229885057471265,0.31504424778761064,0.25264497320831986,0.22271419773504125
Dabrafenib,Dabrafenib,1.0,1.0,1.0,1.0,1.0,0.9999999999999999
Dabrafenib,Dasatinib,0.13725490196078433,0.22413793103448276,0.42857142857142855,0.3305921052631579,0.2801390917074634,0.25045262433467036
Dabrafenib,Erlotinib,0.13793103448275862,0.2,0.2840909090909091,0.27339449541284405,0.22385410974662795,0.2118067498777717
Dabrafenib,Gefitinib,0.13,0.21052631578947367,0.30851063829787234,0.2604166666666667,0.22736340518850318,0.2111339585666293
Dabrafenib,Imatinib,0.1553398058252427,0.23214285714285715,0.35714285714285715,0.35161290322580646,0.27405960583419087,0.2574429555724576
Dabrafenib,Lapatinib,0.15454545454545454,0.27586206896551724,0.48936170212765956,0.3318840579710145,0.3129133209024115,0.27762364465736183
Dabrafenib,Nilotinib,0.17142857142857143,0.26785714285714285,0.5142857142857142,0.4197324414715719,0.3433259675107501,0.3091340181557573
Dabrafenib,Pazopanib,0.15625,0.2692307692307692,0.7605633802816901,0.4296724470134875,0.4039291491314867,0.332602302901446
Dabrafenib,Ponatinib,0.12727272727272726,0.1935483870967742,0.3977272727272727,0.35693215339233036,0.26887013512227614,0.2430987076012768
Dabrafenib,Ruxolitinib,0.07291666666666667,0.12280701754385964,0.2894736842105263,0.18762475049900199,0.16820552973001365,0.14395189883391113
Dabrafenib,Sorafenib,0.15384615384615385,0.21153846153846154,0.3875,0.3533697632058288,0.27656359464761104,0.25437631357713325
Dabrafenib,Tofacitinib,0.09183673469387756,0.13114754098360656,0.3,0.21115537848605578,0.18353491354088497,0.16024189624906196
Dabrafenib,Trametinib,0.1346153846153846,0.1774193548387097,0.4235294117647059,0.39285714285714285,0.28210532351898576,0.25382050586984173
Dabrafenib,Vandetanib,0.13402061855670103,0.23636363636363636,0.32608695652173914,0.2774869109947644,0.24348953060921022,0.22697004542670446
Dabrafenib,Vemurafenib,0.18947368421052632,0.32075471698113206,0.6296296296296297,0.4088397790055249,0.38717445245670323,0.3386834170221179
Dasatinib,Ceritinib,0.18691588785046728,0.3448275862068966,0.5543478260869565,0.3613193403298351,0.3618526601185389,0.3233536269248553
Dasatinib,Ibrutinib,0.1509433962264151,0.21311475409836064,0.55,0.3652173913043478,0.3198188854072809,0.27378266248873706
Dasatinib,Lenvatinib,0.16346153846153846,0.2807017543859649,0.4523809523809524,0.34854014598540145,0.3112710978034643,0.2830491268879667
Dasatinib,Nintedanib,0.16822429906542055,0.2982456140350877,0.5764705882352941,0.40226171243941844,0.3613005534438052,0.31826654648550745
Dasatinib,Regorafenib,0.20202020202020202,0.3148148148148148,0.45569620253164556,0.3254237288135593,0.32448873704505543,0.2982472439477374
Dasatinib,Sunitinib,0.15,0.2413793103448276,0.5925925925925926,0.39805825242718446,0.34550753884115115,0.2960905280908629
Dasatinib,Afatinib,0.20535714285714285,0.31746031746031744,0.6506024096385542,0.39419795221843,0.3919044555436111,0.34016486472462254
Dasatinib,Axitinib,0.13861386138613863,0.23636363636363636,0.37662337662337664,0.27906976744186046,0.257667660453753,0.2338765172198283
Dasatinib,Bosutinib,0.23232323232323232,0.35185185185185186,0.5802469135802469,0.4207920792079208,0.396303519240813,0.35951484037292614
Dasatinib,Cabozantinib,0.15306122448979592,0.25925925925925924,0.4069767441860465,0.34108527131782945,0.2900956248132328,0.26671940093867
Dasatinib,Crizotinib,0.14018691588785046,0.25,0.6363636363636364,0.3487544483985765,0.34382625016251583,0.28531877292229174
Dasatinib,Dabrafenib,0.13725490196078433,0.22413793103448276,0.42857142857142855,0.3305921052631579,0.2801390917074634,0.25045262433467036
Dasatinib,Dasatinib,1.0,1.0,1.0,1.0,1.0,0.9999999999999999
Dasatinib,Erlotinib,0.15053763440860216,0.2037037037037037,0.4444444444444444,0.32771535580524347,0.28160028459049846,0.24903145261970921
Dasatinib,Gefitinib,0.21,0.34545454545454546,0.6075949367088608,0.40874524714828897,0.3929486823279238,0.3500194314517364
Dasatinib,Imatinib,0.25742574257425743,0.5102040816326531,0.6388888888888888,0.4457627118644068,0.46307035624005155,0.4279066497102841
Dasatinib,Lapatinib,0.17391304347826086,0.25396825396825395,0.5483870967741935,0.36749633967789164,0.33594118347464996,0.2934520008147413
Dasatinib,Nilotinib,0.19090909090909092,0.38181818181818183,0.5714285714285714,0.352112676056338,0.37406713005304554,0.33459484177794035
Dasatinib,Pazopanib,0.14423076923076922,0.26785714285714285,0.40217391304347827,0.3542039355992844,0.2921164401826687,0.27010494561050674
Dasatinib,Ponatinib,0.2571428571428571,0.46296296296296297,0.6282051282051282,0.4188163884673748,0.4417818341945808,0.40449717539247126
Dasatinib,Ruxolitinib,0.09900990099009901,0.1694915254237288,0.3972602739726027,0.23983739837398374,0.22639977469010358,0.19222767483360376
Dasatinib,Sorafenib,0.21505376344086022,0.3333333333333333,0.45569620253164556,0.31369150779896016,0.3294437017761998,0.30419320162511065
Dasatinib,Tofacitinib,0.13861386138613863,0.23333333333333334,0.6351351351351351,0.26883910386965376,0.3189803584310652,0.25574940309025124
Dasatinib,Trametinib,0.16666666666666666,0.2786885245901639,0.524390243902439,0.3473344103392569,0.3292699613746316,0.2902459048690701
Dasatinib,Vandetanib,0.1568627450980392,0.25862068965517243,0.575,0.39626168224299063,0.34668627924905054,0.30102353509886065
Dasatinib,Vemurafenib,0.18627450980392157,0.29310344827586204,0.4945054945054945,0.3732394366197183,0.3367807223012491,0.3052357678604
Erlotinib,Ceritinib,0.15789473684210525,0.24074074074074073,0.4482758620689655,0.3532423208191126,0.30003841511773105,0.27039092572748413
Erlotinib,Ibrutinib,0.10526315789473684,0.14545454545454545,0.4861111111111111,0.32936507936507936,0.2665484734563682,0.22263594592541958
Erlotinib,Lenvatinib,0.20930232558139536,0.2653061224489796,0.5,0.35357917570498915,0.332046905933841,0.29845628712060923
Erlotinib,Nintedanib,0.17391304347826086,0.23529411764705882,0.56,0.3005181347150259,0.31743132396008644,0.2689175887521037
Erlotinib,Regorafenib,0.12087912087912088,0.2,0.4626865671641791,0.2802303262955854,0.26594900358472134,0.2266014908688298
Erlotinib,Sunitinib,0.10112359550561797,0.1509433962264151,0.4177215189873418,0.35044642857142855,0.25505873482270086,0.22252617798977264
Erlotinib,Afatinib,0.2967032967032967,0.3333333333333333,0.6438356164383562,0.43558282208588955,0.42736376714021895,0.38406939728059153
Erlotinib,Axitinib,0.15294117647058825,0.2127659574468085,0.3484848484848485,0.3038277511961722,0.25450493339960434,0.23570895038255552
Erlotinib,Bosutinib,0.26506024096385544,0.37777777777777777,0.7076923076923077,0.42366412213740456,0.44354861214283636,0.3907198730329421
Erlotinib,Cabozantinib,0.23076923076923078,0.32558139534883723,0.5522388059701493,0.3489208633093525,0.36437757384939246,0.3268053274252411
Erlotinib,Crizotinib,0.10526315789473684,0.16363636363636364,0.47297297297297297,0.3367983367983368,0.26966770782560257,0.22900665479612847
Erlotinib,Dabrafenib,0.13793103448275862,0.2,0.2840909090909091,0.27339449541284405,0.22385410974662795,0.2118067498777717
Erlotinib,Dasatinib,0.15053763440860216,0.2037037037037037,0.4444444444444444,0.32771535580524347,0.28160028459049846,0.24903145261970921
Erlotinib,Erlotinib,1.0,1.0,1.0,1.0,1.0,0.9999999999999999
Erlotinib,Gefitinib,0.4246575342465753,0.46511627906976744,0.6923076923076923,0.48693586698337293,0.5172543431518519,0.48224367332068396
Erlotinib,Imatinib,0.14583333333333334,0.26,0.4852941176470588,0.32972972972972975,0.3052142951775305,0.2691983306836248
Erlotinib,Lapatinib,0.3111111111111111,0.3877551020408163,0.5875,0.3582089552238806,0.411143792093952,0.37587255051274243
Erlotinib,Nilotinib,0.14,0.22641509433962265,0.34782608695652173,0.28034188034188035,0.24864576540950617,0.22880970110010304
Erlotinib,Pazopanib,0.1724137931034483,0.2765957446808511,0.3493975903614458,0.34309623430962344,0.28537584061384214,0.2725714906643214
Erlotinib,Ponatinib,0.12745098039215685,0.21428571428571427,0.5068493150684932,0.3247172859450727,0.2933258239228593,0.25062112569373246
Erlotinib,Ruxolitinib,0.13253012048192772,0.1836734693877551,0.3492063492063492,0.30606860158311344,0.24286963516478635,0.22160229235647377
Erlotinib,Sorafenib,0.12941176470588237,0.2127659574468085,0.4626865671641791,0.2783300198807157,0.27079857729939644,0.23242097932643987
Erlotinib,Tofacitinib,0.15294117647058825,0.18867924528301888,0.5522388059701493,0.2828282828282828,0.2941718776380098,0.2425584919715819
Erlotinib,Trametinib,0.14736842105263157,0.19642857142857142,0.5,0.274822695035461,0.27965492187916596,0.2355859062549992
Erlotinib,Vandetanib,0.3466666666666667,0.4090909090909091,0.7301587301587301,0.49056603773584906,0.49412058591303876,0.4469129570639005
Erlotinib,Vemurafenib,0.13043478260869565,0.18518518518518517,0.4166666666666667,0.3380281690140845,0.267578700868658,0.23776110770905629
Gefitinib,Ceritinib,0.16981132075471697,0.26666666666666666,0.5454545454545454,0.3613861386138614,0.3358296678724476,0.29390469235602806
Gefitinib,Ibrutinib,0.11214953271028037,0.18032786885245902,0.581081081081081,0.3474088291746641,0.3052418279546211,0.2500739773293292
Gefitinib,Lenvatinib,0.24210526315789474,0.33962264150943394,0.5131578947368421,0.3752620545073375,0.3675369634778771,0.33841277722608404
Gefitinib,Nintedanib,0.2079207920792079,0.2857142857142857,0.5875,0.3441780821917808,0.3563282899963186,0.3100939479955823
Gefitinib,Regorafenib,0.1836734693877551,0.3018867924528302,0.5211267605633803,0.30654205607476637,0.328307269619683,0.28974337143094353
Gefitinib,Sunitinib,0.10891089108910891,0.16666666666666666,0.5061728395061729,0.3787878787878788,0.2901345690124568,0.24692691491371357
Gefitinib,Afatinib,0.45054945054945056,0.5283018867924528,0.7808219178082192,0.4534653465346535,0.553284650421194,0.507777196943789
Gefitinib,Axitinib,0.13131313131313133,0.15789473684210525,0.3026315789473684,0.24622030237580994,0.20951493736960375,0.1908916090540508
Gefitinib,Bosutinib,0.43373493975903615,0.5777777777777777,0.8333333333333334,0.5405940594059406,0.596360027569022,0.5489653664161597
Gefitinib,Cabozantinib,0.27906976744186046,0.375,0.52,0.3459552495697074,0.380006254252892,0.35200750510347034
Gefitinib,Crizotinib,0.21428571428571427,0.30357142857142855,0.676056338028169,0.37755102040816324,0.39286612532336873,0.33622808278240873
Gefitinib,Dabrafenib,0.13,0.21052631578947367,0.30851063829787234,0.2604166666666667,0.22736340518850318,0.2111339585666293
Gefitinib,Dasatinib,0.21,0.34545454545454546,0.6075949367088608,0.40874524714828897,0.3929486823279238,0.3500194314517364
Gefitinib,Erlotinib,0.4246575342465753,0.46511627906976744,0.6923076923076923,0.48693586698337293,0.5172543431518519,0.48224367332068396
Gefitinib,Gefitinib,1.0,1.0,1.0,1.0,1.0,0.9999999999999999
Gefitinib,Imatinib,0.16981132075471697,0.3090909090909091,0.5205479452054794,0.34615384615384615,0.3364010053012379,0.2995716173203896
Gefitinib,Lapatinib,0.3333333333333333,0.4528301886792453,0.6707317073170732,0.4042904290429043,0.4652964145931391,0.4242093560483522
Gefitinib,Nilotinib,0.12280701754385964,0.21311475409836064,0.410958904109589,0.2887788778877888,0.2589148884098995,0.2285060852699616
Gefitinib,Pazopanib,0.1958762886597938,0.2777777777777778,0.35555555555555557,0.30115830115830117,0.2825919807878571,0.2679992658343174
Gefitinib,Ponatinib,0.15178571428571427,0.26229508196721313,0.5789473684210527,0.33751962323390894,0.3326369469769722,0.28337486268815615
Gefitinib,Ruxolitinib,0.1368421052631579,0.17543859649122806,0.417910447761194,0.2916666666666667,0.2554644540455616,0.22297525530243517
Gefitinib,Sorafenib,0.1702127659574468,0.2692307692307692,0.5211267605633803,0.30057803468208094,0.3152870826084193,0.27411914701742707
Gefitinib,Tofacitinib,0.14285714285714285,0.2,0.5833333333333334,0.2765957446808511,0.3006965552178318,0.2441691995947315
Gefitinib,Trametinib,0.1388888888888889,0.22580645161290322,0.5733333333333334,0.27938671209540034,0.3043538464826314,0.2505579491124911
Gefitinib,Vandetanib,0.45569620253164556,0.5777777777777777,0.859375,0.5406032482598608,0.6083630571423211,0.5581606685707852
Gefitinib,Vemurafenib,0.16831683168316833,0.25862068965517243,0.4659090909090909,0.36666666666666664,0.31487831972852454,0.2846721654924113
Imatinib,Ceritinib,0.21495327102803738,0.3333333333333333,0.4431818181818182,0.38200589970501475,0.3433685805620509,0.3234059330380974
Imatinib,Ibrutinib,0.14678899082568808,0.22033898305084745,0.5652173913043478,0.4205933682373473,0.33823468335455764,0.2928381417645996
Imatinib,Lenvatinib,0.19230769230769232,0.2909090909090909,0.39473684210526316,0.3568904593639576,0.30871102117150095,0.29150585698474857
Imatinib,Nintedanib,0.24271844660194175,0.38461538461538464,0.6388888888888888,0.4729064039408867,0.4347822810117755,0.3939609594363528
Imatinib,Regorafenib,0.2079207920792079,0.3018867924528302,0.4142857142857143,0.37457627118644066,0.32466739250104826,0.30674372814411505
Imatinib,Sunitinib,0.1346153846153846,0.20689655172413793,0.547945205479452,0.38961038961038963,0.31976688285734106,0.27413121833291887
Imatinib,Afatinib,0.1694915254237288,0.2857142857142857,0.5316455696202531,0.42905405405405406,0.3539763587030804,0.3184425165196459
Imatinib,Axitinib,0.1568627450980392,0.2692307692307692,0.40625,0.37524950099800397,0.3018982538317031,0.2810279045980437
Imatinib,Bosutinib,0.20192307692307693,0.33962264150943394,0.5774647887323944,0.4060031595576619,0.38125341668064183,0.3420111422702913
Imatinib,Cabozantinib,0.1958762886597938,0.32,0.4,0.4258373205741627,0.33542840230848914,0.322514082770187
Imatinib,Crizotinib,0.12612612612612611,0.1774193548387097,0.5068493150684932,0.32046979865771813,0.2827161486727618,0.23788951539361552
Imatinib,Dabrafenib,0.1553398058252427,0.23214285714285715,0.35714285714285715,0.35161290322580646,0.27405960583419087,0.2574429555724576
Imatinib,Dasatinib,0.25742574257425743,0.5102040816326531,0.6388888888888888,0.4457627118644068,0.46307035624005155,0.4279066497102841
Imatinib,Erlotinib,0.14583333333333334,0.26,0.4852941176470588,0.32972972972972975,0.3052142951775305,0.2691983306836248
Imatinib,Gefitinib,0.16981132075471697,0.3090909090909091,0.5205479452054794,0.34615384615384615,0.3364010053012379,0.2995716173203896
Imatinib,Imatinib,1.0,1.0,1.0,1.0,1.0,0.9999999999999999
Imatinib,Lapatinib,0.1694915254237288,0.2833333333333333,0.4222222222222222,0.4309063893016345,0.3264883675702297,0.30734159663983124
Imatinib,Nilotinib,0.5227272727272727,0.6086956521739131,0.6491228070175439,0.44264943457189015,0.555798791622655,0.5371339885436771
Imatinib,Pazopanib,0.25773195876288657,0.38,0.4125,0.398576512455516,0.36220211780460065,0.3521425413655208
Imatinib,Ponatinib,0.40625,0.5714285714285714,0.734375,0.5623987034035657,0.5686130687080343,0.5354606824496411
Imatinib,Ruxolitinib,0.11764705882352941,0.19642857142857142,0.43333333333333335,0.21482889733840305,0.2405594652309593,0.2020046916104845
Imatinib,Sorafenib,0.1958762886597938,0.29411764705882354,0.4142857142857143,0.36869565217391304,0.3182438255445612,0.29903544779633057
Imatinib,Tofacitinib,0.14563106796116504,0.22033898305084745,0.75,0.2514395393474088,0.3418523975898553,0.2602228771078264
Imatinib,Trametinib,0.1834862385321101,0.3103448275862069,0.5352112676056338,0.3763955342902711,0.35135946700355547,0.31458910688313985
Imatinib,Vandetanib,0.17475728155339806,0.3148148148148148,0.5942028985507246,0.375886524822695,0.3649153799354081,0.3190578762123448
Imatinib,Vemurafenib,0.18095238095238095,0.2807017543859649,0.3953488372093023,0.4118673647469459,0.31721758432364855,0.30159133374651775
Lapatinib,Ceritinib,0.1896551724137931,0.3064516129032258,0.7191011235955056,0.3888130968622101,0.40100525144368365,0.33738607701331924
Lapatinib,Ibrutinib,0.10833333333333334,0.14925373134328357,0.4725274725274725,0.3790446841294299,0.2772898053333798,0.23824227189456126
Lapatinib,Lenvatinib,0.168141592920354,0.288135593220339,0.48314606741573035,0.3737864077669903,0.3283024153308534,0.297333684913878
Lapatinib,Nintedanib,0.14285714285714285,0.18461538461538463,0.5319148936170213,0.3813559322033898,0.31018583832323465,0.2658400272644773
Lapatinib,Regorafenib,0.18181818181818182,0.2982456140350877,0.47058823529411764,0.3765432098765432,0.33179881025598257,0.3040409252483556
Lapatinib,Sunitinib,0.14545454545454545,0.20967741935483872,0.4946236559139785,0.3258785942492013,0.29390855374314095,0.25376553330897345
Lapatinib,Afatinib,0.2920353982300885,0.3870967741935484,0.651685393258427,0.41960183767228176,0.4376048508385864,0.3947887423546183
Lapatinib,Axitinib,0.14545454545454545,0.2033898305084746,0.3181818181818182,0.34615384615384615,0.2532950100746711,0.2403176484532417
Lapatinib,Bosutinib,0.1875,0.288135593220339,0.6046511627906976,0.38912732474964234,0.36735352019016976,0.3198939916700641
Lapatinib,Cabozantinib,0.19230769230769232,0.33962264150943394,0.47191011235955055,0.4444444444444444,0.3620712226552803,0.3401034447144262
Lapatinib,Crizotinib,0.1565217391304348,0.23809523809523808,0.6190476190476191,0.3499222395023328,0.3408967089439062,0.2852665269231636
Lapatinib,Dabrafenib,0.15454545454545454,0.27586206896551724,0.48936170212765956,0.3318840579710145,0.3129133209024115,0.27762364465736183
Lapatinib,Dasatinib,0.17391304347826086,0.25396825396825395,0.5483870967741935,0.36749633967789164,0.33594118347464996,0.2934520008147413
Lapatinib,Erlotinib,0.3111111111111111,0.3877551020408163,0.5875,0.3582089552238806,0.411143792093952,0.37587255051274243
Lapatinib,Gefitinib,0.3333333333333333,0.4528301886792453,0.6707317073170732,0.4042904290429043,0.4652964145931391,0.4242093560483522
Lapatinib,Imatinib,0.1694915254237288,0.2833333333333333,0.4222222222222222,0.4309063893016345,0.3264883675702297,0.30734159663983124
Lapatinib,Lapatinib,1.0,1.0,1.0,1.0,1.0,0.9999999999999999
Lapatinib,Nilotinib,0.136,0.25396825396825395,0.36363636363636365,0.4177583697234352,0.2928407468320132,0.2786816234711431
Lapatinib,Pazopanib,0.18181818181818182,0.27586206896551724,0.4787234042553192,0.3483670295489891,0.32119267114700184,0.28968652452533833
Lapatinib,Ponatinib,0.12598425196850394,0.20588235294117646,0.5054945054945055,0.39705882352941174,0.3086049834833994,0.2692270790811782
Lapatinib,Ruxolitinib,0.12962962962962962,0.16129032258064516,0.3493975903614458,0.21212121212121213,0.21310968867323318,0.18585210833559063
Lapatinib,Sorafenib,0.18095238095238095,0.2909090909090909,0.47058823529411764,0.37341772151898733,0.3289668571686442,0.3006425815435495
Lapatinib,Tofacitinib,0.10526315789473684,0.14925373134328357,0.47191011235955055,0.21963394342762063,0.2365152362562979,0.18943626103564737
Lapatinib,Trametinib,0.1322314049586777,0.17391304347826086,0.4835164835164835,0.3352192362093352,0.28122004204068934,0.24076075374553046
Lapatinib,Vandetanib,0.22857142857142856,0.3333333333333333,0.6190476190476191,0.3889789303079417,0.39248282781508065,0.34716986956857293
Lapatinib,Vemurafenib,0.21100917431192662,0.3220338983050847,0.6976744186046512,0.424,0.41367937280541567,0.3568803636455685
Nilotinib,Ceritinib,0.18584070796460178,0.3,0.367816091954023,0.33146067415730335,0.296279368518982,0.28197202383197384
Nilotinib,Ibrutinib,0.11206896551724138,0.1746031746031746,0.47058823529411764,0.3502454991816694,0.2768764686490508,0.23813411532003737
Nilotinib,Lenvatinib,0.15315315315315314,0.25862068965517243,0.42028985507246375,0.3407917383820998,0.2932138590657223,0.26779865986437396
Nilotinib,Nintedanib,0.13793103448275862,0.23333333333333334,0.4473684210526316,0.3392330383480826,0.2894664568042015,0.2578860639545155
Nilotinib,Regorafenib,0.21153846153846154,0.39215686274509803,0.5423728813559322,0.4446397188049209,0.39767698111110317,0.3687378010621374
Nilotinib,Sunitinib,0.12962962962962962,0.2,0.4788732394366197,0.2859560067681895,0.2736147189586097,0.23256301486300768
Nilotinib,Afatinib,0.14516129032258066,0.25757575757575757,0.4868421052631579,0.3646496815286624,0.3135572086725396,0.27890022935441594
Nilotinib,Axitinib,0.14018691588785046,0.25925925925925924,0.4909090909090909,0.40562248995983935,0.32399443900401,0.2906115086229938
Nilotinib,Bosutinib,0.11206896551724138,0.19672131147540983,0.40540540540540543,0.3020231213872832,0.254054700946335,0.22378456005452088
Nilotinib,Cabozantinib,0.1650485436893204,0.3076923076923077,0.4696969696969697,0.454983922829582,0.349355435977045,0.32528712923306
Nilotinib,Crizotinib,0.11206896551724138,0.19047619047619047,0.4782608695652174,0.30392156862745096,0.2711818985465251,0.22976610434278658
Nilotinib,Dabrafenib,0.17142857142857143,0.26785714285714285,0.5142857142857142,0.4197324414715719,0.3433259675107501,0.3091340181557573
Nilotinib,Dasatinib,0.19090909090909092,0.38181818181818183,0.5714285714285714,0.352112676056338,0.37406713005304554,0.33459484177794035
Nilotinib,Erlotinib,0.14,0.22641509433962265,0.34782608695652173,0.28034188034188035,0.24864576540950617,0.22880970110010304
Nilotinib,Gefitinib,0.12280701754385964,0.21311475409836064,0.410958904109589,0.2887788778877888,0.2589148884098995,0.2285060852699616
Nilotinib,Imatinib,0.5227272727272727,0.6086956521739131,0.6491228070175439,0.44264943457189015,0.555798791622655,0.5371339885436771
Nilotinib,Lapatinib,0.136,0.25396825396825395,0.36363636363636365,0.4177583697234352,0.2928407468320132,0.2786816234711431
Nilotinib,Nilotinib,1.0,1.0,1.0,1.0,1.0,0.9999999999999999
Nilotinib,Pazopanib,0.22330097087378642,0.33962264150943394,0.5,0.4206773618538324,0.3709002435592632,0.3450802922711158
Nilotinib,Ponatinib,0.29906542056074764,0.46296296296296297,0.6349206349206349,0.42961876832844575,0.4566419466931978,0.4209862090477104
Nilotinib,Ruxolitinib,0.09259259259259259,0.15,0.39285714285714285,0.1926605504587156,0.20702757147711276,0.16986165720110674
Nilotinib,Sorafenib,0.2,0.3877551020408163,0.5423728813559322,0.43783783783783786,0.39199145530864654,0.3619151700991895
Nilotinib,Tofacitinib,0.11926605504587157,0.15625,0.5396825396825397,0.20765027322404372,0.25571221698811375,0.19891815244922856
Nilotinib,Trametinib,0.17699115044247787,0.3,0.6031746031746031,0.3807266982622433,0.3652231129698311,0.3176328149288767
Nilotinib,Vandetanib,0.12612612612612611,0.21666666666666667,0.43661971830985913,0.2901639344262295,0.26739411138222036,0.2335489899966926
Nilotinib,Vemurafenib,0.1743119266055046,0.2711864406779661,0.4358974358974359,0.37353433835845895,0.31373253538484136,0.2892995552823225
Pazopanib,Ceritinib,0.2079207920792079,0.32727272727272727,0.5164835164835165,0.37868852459016394,0.35759139010640395,0.32581296483098143
Pazopanib,Ibrutinib,0.10377358490566038,0.1694915254237288,0.4166666666666667,0.3650190114068441,0.263737697100725,0.23315190318753665
Pazopanib,Lenvatinib,0.16,0.25925925925925924,0.3448275862068966,0.37423312883435583,0.2845799935751279,0.2725304750487742
Pazopanib,Nintedanib,0.18811881188118812,0.2777777777777778,0.3870967741935484,0.3530405405405405,0.3015084760982637,0.2843908164792067
Pazopanib,Regorafenib,0.16326530612244897,0.2222222222222222,0.34146341463414637,0.333955223880597,0.26522654171485366,0.24997916713099508
Pazopanib,Sunitinib,0.1111111111111111,0.17543859649122806,0.34782608695652173,0.33811475409836067,0.24312263716430538,0.22218194720586212
Pazopanib,Afatinib,0.18181818181818182,0.25806451612903225,0.375,0.3786764705882353,0.29838979213386235,0.2830677505606348
Pazopanib,Axitinib,0.14583333333333334,0.21153846153846154,0.5303030303030303,0.4052132701421801,0.3232220238292513,0.28180582253449554
Pazopanib,Bosutinib,0.13592233009708737,0.23636363636363636,0.3516483516483517,0.2973856209150327,0.25532998475602703,0.2360663113775621
Pazopanib,Cabozantinib,0.2,0.2857142857142857,0.3488372093023256,0.3641025641025641,0.29966351477979386,0.2898287758752875
Pazopanib,Crizotinib,0.10377358490566038,0.16666666666666666,0.39080459770114945,0.31368821292775667,0.24373326555030828,0.21431899912014005
Pazopanib,Dabrafenib,0.15625,0.2692307692307692,0.7605633802816901,0.4296724470134875,0.4039291491314867,0.332602302901446
Pazopanib,Dasatinib,0.14423076923076922,0.26785714285714285,0.40217391304347827,0.3542039355992844,0.2921164401826687,0.27010494561050674
Pazopanib,Erlotinib,0.1724137931034483,0.2765957446808511,0.3493975903614458,0.34309623430962344,0.28537584061384214,0.2725714906643214
Pazopanib,Gefitinib,0.1958762886597938,0.2777777777777778,0.35555555555555557,0.30115830115830117,0.2825919807878571,0.2679992658343174
Pazopanib,Imatinib,0.25773195876288657,0.38,0.4125,0.398576512455516,0.36220211780460065,0.3521425413655208
Pazopanib,Lapatinib,0.18181818181818182,0.27586206896551724,0.4787234042553192,0.3483670295489891,0.32119267114700184,0.28968652452533833
Pazopanib,Nilotinib,0.22330097087378642,0.33962264150943394,0.5,0.4206773618538324,0.3709002435592632,0.3450802922711158
Pazopanib,Pazopanib,1.0,1.0,1.0,1.0,1.0,0.9999999999999999
Pazopanib,Ponatinib,0.15454545454545454,0.2542372881355932,0.4878048780487805,0.3333333333333333,0.30748023851579037,0.27141531060919233
Pazopanib,Ruxolitinib,0.08163265306122448,0.12280701754385964,0.38571428571428573,0.20935412026726058,0.19987701914665762,0.16270956583313198
Pazopanib,Sorafenib,0.17391304347826086,0.23529411764705882,0.34146341463414637,0.32629558541266795,0.2692415402930335,0.2547971654248109
Pazopanib,Tofacitinib,0.1111111111111111,0.1896551724137931,0.4146341463414634,0.25225225225225223,0.24191317052965494,0.2073689753672933
Pazopanib,Trametinib,0.14150943396226415,0.19672131147540983,0.4634146341463415,0.37209302325581395,0.29343460070995736,0.2594385940226805
Pazopanib,Vandetanib,0.17708333333333334,0.25925925925925924,0.375,0.33858267716535434,0.28748131743948674,0.2699775809273841
Pazopanib,Vemurafenib,0.1485148514851485,0.20689655172413793,0.5975609756097561,0.4090909090909091,0.34051582197748786,0.2891067912510343
Ponatinib,Ceritinib,0.15384615384615385,0.24615384615384617,0.4166666666666667,0.3622994652406417,0.2947415329768271,0.2703565062388592
Ponatinib,Ibrutinib,0.1016949152542373,0.18461538461538463,0.647887323943662,0.39346811819595645,0.3319164355023101,0.2687222578140397
Ponatinib,Lenvatinib,0.13157894736842105,0.22580645161290322,0.4024390243902439,0.34069400630914826,0.2751296074201791,0.24966772402616613
Ponatinib,Nintedanib,0.23148148148148148,0.3508771929824561,0.6075949367088608,0.43759177679882527,0.40688634699290593,0.36674462904971494
Ponatinib,Regorafenib,0.25742574257425743,0.37037037037037035,0.42105263157894735,0.36335877862595417,0.3530518807873823,0.33945173062906936
Ponatinib,Sunitinib,0.1388888888888889,0.20967741935483872,0.5844155844155844,0.3446601941747573,0.31941052170851736,0.26640950916710393
Ponatinib,Afatinib,0.1721311475409836,0.2463768115942029,0.6049382716049383,0.41896024464831805,0.3606016188471107,0.3117342882955452
Ponatinib,Axitinib,0.1388888888888889,0.24561403508771928,0.47761194029850745,0.313458262350937,0.2938932816565132,0.2571495499281143
Ponatinib,Bosutinib,0.1926605504587156,0.288135593220339,0.5921052631578947,0.4107402031930334,0.3709104025074957,0.32667143037741586
Ponatinib,Cabozantinib,0.16346153846153846,0.2909090909090909,0.425,0.40028694404591103,0.3199143933541351,0.2988972720249621
Ponatinib,Crizotinib,0.13043478260869565,0.2,0.5866666666666667,0.3048048048048048,0.30547656352004177,0.2492385428907168
Ponatinib,Dabrafenib,0.12727272727272726,0.1935483870967742,0.3977272727272727,0.35693215339233036,0.26887013512227614,0.2430987076012768
Ponatinib,Dasatinib,0.2571428571428571,0.46296296296296297,0.6282051282051282,0.4188163884673748,0.4417818341945808,0.40449717539247126
Ponatinib,Erlotinib,0.12745098039215685,0.21428571428571427,0.5068493150684932,0.3247172859450727,0.2933258239228593,0.25062112569373246
Ponatinib,Gefitinib,0.15178571428571427,0.26229508196721313,0.5789473684210527,0.33751962323390894,0.3326369469769722,0.28337486268815615
Ponatinib,Imatinib,0.40625,0.5714285714285714,0.734375,0.5623987034035657,0.5686130687080343,0.5354606824496411
Ponatinib,Lapatinib,0.12598425196850394,0.20588235294117646,0.5054945054945055,0.39705882352941174,0.3086049834833994,0.2692270790811782
Ponatinib,Nilotinib,0.29906542056074764,0.46296296296296297,0.6349206349206349,0.42961876832844575,0.4566419466931978,0.4209862090477104
Ponatinib,Pazopanib,0.15454545454545454,0.2542372881355932,0.4878048780487805,0.3333333333333333,0.30748023851579037,0.27141531060919233
Ponatinib,Ponatinib,1.0,1.0,1.0,1.0,1.0,0.9999999999999999
Ponatinib,Ruxolitinib,0.12264150943396226,0.18032786885245902,0.532258064516129,0.2282793867120954,0.2658767073786614,0.2126004359511679
Ponatinib,Sorafenib,0.2736842105263158,0.39215686274509803,0.42105263157894735,0.3620689655172414,0.36224066759190066,0.35047827479449134
Ponatinib,Tofacitinib,0.12844036697247707,0.2222222222222222,0.78125,0.2568493150684932,0.3471904760657981,0.26037857127895775
Ponatinib,Trametinib,0.17543859649122806,0.265625,0.5526315789473685,0.36560693641618497,0.33982552796369536,0.2972643177669607
Ponatinib,Vandetanib,0.14545454545454545,0.2459016393442623,0.6527777777777778,0.3662420382165605,0.35259400019828646,0.29255724468238825
Ponatinib,Vemurafenib,0.16216216216216217,0.23809523809523808,0.5,0.37925696594427244,0.3198785915504182,0.2838543098605018
Ruxolitinib,Ceritinib,0.14,0.2033898305084746,0.29069767441860467,0.21754385964912282,0.21290784114405054,0.19734987448913968
Ruxolitinib,Ibrutinib,0.13541666666666666,0.24074074074074073,0.559322033898305,0.2947845804988662,0.30756600545114465,0.2572147997617126
Ruxolitinib,Lenvatinib,0.1134020618556701,0.15789473684210525,0.25,0.19318181818181818,0.1786196542198984,0.16434358506387806
Ruxolitinib,Nintedanib,0.07692307692307693,0.13559322033898305,0.36,0.1657754010695187,0.18457292458289468,0.1494875094994736
Ruxolitinib,Regorafenib,0.06,0.0847457627118644,0.2028985507246377,0.15447154471544716,0.12552896453798731,0.11005504730065722
Ruxolitinib,Sunitinib,0.07368421052631578,0.1016949152542373,0.3472222222222222,0.20763723150357996,0.18255964487658882,0.14962712940746214
Ruxolitinib,Afatinib,0.10909090909090909,0.16923076923076924,0.34615384615384615,0.2615062761506276,0.22149545015653802,0.1965637709570764
Ruxolitinib,Axitinib,0.07368421052631578,0.12962962962962962,0.4230769230769231,0.16753926701570682,0.1984825075621438,0.15356362445918798
Ruxolitinib,Bosutinib,0.14736842105263157,0.2222222222222222,0.391304347826087,0.2514506769825919,0.25308641702088314,0.2254428308598424
Ruxolitinib,Cabozantinib,0.08695652173913043,0.12962962962962962,0.2361111111111111,0.17297297297297298,0.15641755886321101,0.140478848413631
Ruxolitinib,Crizotinib,0.17204301075268819,0.2830188679245283,0.49206349206349204,0.25635103926096997,0.30086910250041965,0.26263022458780516
Ruxolitinib,Dabrafenib,0.07291666666666667,0.12280701754385964,0.2894736842105263,0.18762475049900199,0.16820552973001365,0.14395189883391113
Ruxolitinib,Dasatinib,0.09900990099009901,0.1694915254237288,0.3972602739726027,0.23983739837398374,0.22639977469010358,0.19222767483360376
Ruxolitinib,Erlotinib,0.13253012048192772,0.1836734693877551,0.3492063492063492,0.30606860158311344,0.24286963516478635,0.22160229235647377
Ruxolitinib,Gefitinib,0.1368421052631579,0.17543859649122806,0.417910447761194,0.2916666666666667,0.2554644540455616,0.22297525530243517
Ruxolitinib,Imatinib,0.11764705882352941,0.19642857142857142,0.43333333333333335,0.21482889733840305,0.2405594652309593,0.2020046916104845
Ruxolitinib,Lapatinib,0.12962962962962962,0.16129032258064516,0.3493975903614458,0.21212121212121213,0.21310968867323318,0.18585210833559063
Ruxolitinib,Nilotinib,0.09259259259259259,0.15,0.39285714285714285,0.1926605504587156,0.20702757147711276,0.16986165720110674
Ruxolitinib,Pazopanib,0.08163265306122448,0.12280701754385964,0.38571428571428573,0.20935412026726058,0.19987701914665762,0.16270956583313198
Ruxolitinib,Ponatinib,0.12264150943396226,0.18032786885245902,0.532258064516129,0.2282793867120954,0.2658767073786614,0.2126004359511679
Ruxolitinib,Ruxolitinib,1.0,1.0,1.0,1.0,1.0,0.9999999999999999
Ruxolitinib,Sorafenib,0.06382978723404255,0.08928571428571429,0.2028985507246377,0.1623931623931624,0.12960180365938923,0.11494245424633953
Ruxolitinib,Tofacitinib,0.3246753246753247,0.425531914893617,0.5344827586206896,0.32792207792207795,0.40315301902792733,0.37688707110937486
Ruxolitinib,Trametinib,0.0970873786407767,0.14516129032258066,0.36764705882352944,0.18773946360153257,0.19940879784710483,0.16576114565181993
Ruxolitinib,Vandetanib,0.14130434782608695,0.2222222222222222,0.42424242424242425,0.29683698296836986,0.2711514943147758,0.24053330832924613
Ruxolitinib,Vemurafenib,0.16129032258064516,0.21428571428571427,0.3684210526315789,0.2224622030237581,0.2416148231304241,0.21625357723019317
Sorafenib,Ceritinib,0.13725490196078433,0.25,0.4588235294117647,0.32598425196850395,0.29301567083526325,0.25985409911996293
Sorafenib,Ibrutinib,0.14432989690721648,0.2,0.4,0.30490018148820325,0.2623075195988549,0.2347690235186259
Sorafenib,Lenvatinib,0.26436781609195403,0.4444444444444444,0.7457627118644068,0.3991683991683992,0.4634358428923011,0.40697046909788
Sorafenib,Nintedanib,0.15151515151515152,0.2222222222222222,0.4375,0.34338358458961477,0.2886552395817471,0.25888628749809656
Sorafenib,Regorafenib,0.8305084745762712,0.9090909090909091,1.0,0.9042553191489362,0.9109636757040291,0.8931564108448348
Sorafenib,Sunitinib,0.13043478260869565,0.20754716981132076,0.41025641025641024,0.30538922155688625,0.26340689605832823,0.23403699321871183
Sorafenib,Afatinib,0.19230769230769232,0.3157894736842105,0.5526315789473685,0.3679417122040073,0.35716761428581967,0.31807482135350984
Sorafenib,Axitinib,0.20930232558139536,0.3333333333333333,0.38095238095238093,0.36551724137931035,0.32227632031160497,0.3105411081834498
Sorafenib,Bosutinib,0.14432989690721648,0.2037037037037037,0.47297297297297297,0.30327868852459017,0.28107131552712084,0.24269098403795042
Sorafenib,Cabozantinib,0.2911392405063291,0.42857142857142855,0.6721311475409836,0.447463768115942,0.4598263961836708,0.41736544591220825
Sorafenib,Crizotinib,0.1326530612244898,0.21818181818181817,0.4657534246575342,0.3007518796992481,0.2793350459407726,0.24205137019742023
Sorafenib,Dabrafenib,0.15384615384615385,0.21153846153846154,0.3875,0.3533697632058288,0.27656359464761104,0.25437631357713325
Sorafenib,Dasatinib,0.21505376344086022,0.3333333333333333,0.45569620253164556,0.31369150779896016,0.3294437017761998,0.30419320162511065
Sorafenib,Erlotinib,0.12941176470588237,0.2127659574468085,0.4626865671641791,0.2783300198807157,0.27079857729939644,0.23242097932643987
Sorafenib,Gefitinib,0.1702127659574468,0.2692307692307692,0.5211267605633803,0.30057803468208094,0.3152870826084193,0.27411914701742707
Sorafenib,Imatinib,0.1958762886597938,0.29411764705882354,0.4142857142857143,0.36869565217391304,0.3182438255445612,0.29903544779633057
Sorafenib,Lapatinib,0.18095238095238095,0.2909090909090909,0.47058823529411764,0.37341772151898733,0.3289668571686442,0.3006425815435495
Sorafenib,Nilotinib,0.2,0.3877551020408163,0.5423728813559322,0.43783783783783786,0.39199145530864654,0.3619151700991895
Sorafenib,Pazopanib,0.17391304347826086,0.23529411764705882,0.34146341463414637,0.32629558541266795,0.2692415402930335,0.2547971654248109
Sorafenib,Ponatinib,0.2736842105263158,0.39215686274509803,0.42105263157894735,0.3620689655172414,0.36224066759190066,0.35047827479449134
Sorafenib,Ruxolitinib,0.06382978723404255,0.08928571428571429,0.2028985507246377,0.1623931623931624,0.12960180365938923,0.11494245424633953
Sorafenib,Sorafenib,1.0,1.0,1.0,1.0,1.0,0.9999999999999999
Sorafenib,Tofacitinib,0.09473684210526316,0.15789473684210525,0.36,0.2108695652173913,0.20587528604118993,0.1750503432494279
Sorafenib,Trametinib,0.13861386138613863,0.20689655172413793,0.6060606060606061,0.35929203539823007,0.32771576364227817,0.2720467951586126
Sorafenib,Vandetanib,0.11458333333333333,0.18181818181818182,0.4657534246575342,0.31467181467181465,0.269206688620216,0.22989734141275237
Sorafenib,Vemurafenib,0.15789473684210525,0.28846153846153844,0.4444444444444444,0.38372093023255816,0.31863041249516155,0.293467606105305
Tofacitinib,Ceritinib,0.11320754716981132,0.16923076923076924,0.3829787234042553,0.2338568935427574,0.22481848333689833,0.1931864353234269
Tofacitinib,Ibrutinib,0.18947368421052632,0.3090909090909091,0.6323529411764706,0.30648769574944074,0.3593513075568367,0.3047509808329099
Tofacitinib,Lenvatinib,0.14285714285714285,0.22413793103448276,0.379746835443038,0.2144469525959368,0.2402972154826501,0.2124072914905725
Tofacitinib,Nintedanib,0.1485148514851485,0.2631578947368421,0.6805555555555556,0.22385321100917432,0.3290203781966801,0.25871334272490504
Tofacitinib,Regorafenib,0.0891089108910891,0.15,0.36,0.2028985507246377,0.2005018654039317,0.16860223848471803
Tofacitinib,Sunitinib,0.1276595744680851,0.20689655172413793,0.589041095890411,0.2446043165467626,0.2920503846573491,0.23265224241073676
Tofacitinib,Afatinib,0.16666666666666666,0.265625,0.6103896103896104,0.3023255813953488,0.3362517146129065,0.28142413545756567
Tofacitinib,Axitinib,0.11578947368421053,0.2,0.4307692307692308,0.18911917098445596,0.23391946885947432,0.194549516477523
Tofacitinib,Bosutinib,0.1414141414141414,0.22413793103448276,0.6428571428571429,0.25,0.3146023038264418,0.2489513360203015
Tofacitinib,Cabozantinib,0.13043478260869565,0.2,0.38461538461538464,0.20508166969147004,0.23003295922888756,0.19911647415158815
Tofacitinib,Crizotinib,0.1188118811881188,0.1774193548387097,0.4868421052631579,0.24330357142857142,0.25659422817963945,0.21054465276293577
Tofacitinib,Dabrafenib,0.09183673469387756,0.13114754098360656,0.3,0.21115537848605578,0.18353491354088497,0.16024189624906196
Tofacitinib,Dasatinib,0.13861386138613863,0.23333333333333334,0.6351351351351351,0.26883910386965376,0.3189803584310652,0.25574940309025124
Tofacitinib,Erlotinib,0.15294117647058825,0.18867924528301888,0.5522388059701493,0.2828282828282828,0.2941718776380098,0.2425584919715819
Tofacitinib,Gefitinib,0.14285714285714285,0.2,0.5833333333333334,0.2765957446808511,0.3006965552178318,0.2441691995947315
Tofacitinib,Imatinib,0.14563106796116504,0.22033898305084745,0.75,0.2514395393474088,0.3418523975898553,0.2602228771078264
Tofacitinib,Lapatinib,0.10526315789473684,0.14925373134328357,0.47191011235955055,0.21963394342762063,0.2365152362562979,0.18943626103564737
Tofacitinib,Nilotinib,0.11926605504587157,0.15625,0.5396825396825397,0.20765027322404372,0.25571221698811375,0.19891815244922856
Tofacitinib,Pazopanib,0.1111111111111111,0.1896551724137931,0.4146341463414634,0.25225225225225223,0.24191317052965494,0.2073689753672933
Tofacitinib,Ponatinib,0.12844036697247707,0.2222222222222222,0.78125,0.2568493150684932,0.3471904760657981,0.26037857127895775
Tofacitinib,Ruxolitinib,0.3246753246753247,0.425531914893617,0.5344827586206896,0.32792207792207795,0.40315301902792733,0.37688707110937486
Tofacitinib,Sorafenib,0.09473684210526316,0.15789473684210525,0.36,0.2108695652173913,0.20587528604118993,0.1750503432494279
Tofacitinib,Tofacitinib,1.0,1.0,1.0,1.0,1.0,0.9999999999999999
Tofacitinib,Trametinib,0.13592233009708737,0.1875,0.5135135135135135,0.21497120921305182,0.2629767632059132,0.2128694131443931
Tofacitinib,Vandetanib,0.14736842105263157,0.24561403508771928,0.6376811594202898,0.3,0.33266590389016015,0.2716628527841342
Tofacitinib,Vemurafenib,0.16666666666666666,0.23728813559322035,0.43023255813953487,0.24516129032258063,0.2698371626805006,0.2377580835886938
Trametinib,Ceritinib,0.1415929203539823,0.21212121212121213,0.45652173913043476,0.38461538461538464,0.29871281405525346,0.2671510290402172
Trametinib,Ibrutinib,0.13761467889908258,0.2459016393442623,0.4935064935064935,0.3338926174496644,0.3027288572998757,0.26457333005855216
Trametinib,Lenvatinib,0.1388888888888889,0.22950819672131148,0.6865671641791045,0.36429872495446264,0.3548157436859419,0.28846545958730935
Trametinib,Nintedanib,0.15454545454545454,0.26666666666666666,0.5432098765432098,0.367601246105919,0.3330058109653125,0.29096499784973306
Trametinib,Regorafenib,0.18627450980392157,0.25862068965517243,0.6060606060606061,0.37261698440207974,0.35589319748044496,0.30585971576441273
Trametinib,Sunitinib,0.17,0.23333333333333334,0.5384615384615384,0.36704119850187267,0.3272090175741861,0.28495851339671563
Trametinib,Afatinib,0.1810344827586207,0.2878787878787879,0.6,0.36468646864686466,0.35839993482106836,0.31007992178528193
Trametinib,Axitinib,0.10377358490566038,0.16666666666666666,0.4057971014492754,0.3137254901960784,0.2474907108044202,0.21582943267544916
Trametinib,Bosutinib,0.09734513274336283,0.15384615384615385,0.5454545454545454,0.30194319880418535,0.2746472577120619,0.22048580016356514
Trametinib,Cabozantinib,0.13861386138613863,0.25,0.6716417910447762,0.3866877971473851,0.361735862394575,0.29975467666453476
Trametinib,Crizotinib,0.13761467889908258,0.203125,0.4810126582278481,0.31732418524871353,0.28476913059391107,0.24552042506712365
Trametinib,Dabrafenib,0.1346153846153846,0.1774193548387097,0.4235294117647059,0.39285714285714285,0.28210532351898576,0.25382050586984173
Trametinib,Dasatinib,0.16666666666666666,0.2786885245901639,0.524390243902439,0.3473344103392569,0.3292699613746316,0.2902459048690701
Trametinib,Erlotinib,0.14736842105263157,0.19642857142857142,0.5,0.274822695035461,0.27965492187916596,0.2355859062549992
Trametinib,Gefitinib,0.1388888888888889,0.22580645161290322,0.5733333333333334,0.27938671209540034,0.3043538464826314,0.2505579491124911
Trametinib,Imatinib,0.1834862385321101,0.3103448275862069,0.5352112676056338,0.3763955342902711,0.35135946700355547,0.31458910688313985
Trametinib,Lapatinib,0.1322314049586777,0.17391304347826086,0.4835164835164835,0.3352192362093352,0.28122004204068934,0.24076075374553046
Trametinib,Nilotinib,0.17699115044247787,0.3,0.6031746031746031,0.3807266982622433,0.3652231129698311,0.3176328149288767
Trametinib,Pazopanib,0.14150943396226415,0.19672131147540983,0.4634146341463415,0.37209302325581395,0.29343460070995736,0.2594385940226805
Trametinib,Ponatinib,0.17543859649122806,0.265625,0.5526315789473685,0.36560693641618497,0.33982552796369536,0.2972643177669607
Trametinib,Ruxolitinib,0.0970873786407767,0.14516129032258066,0.36764705882352944,0.18773946360153257,0.19940879784710483,0.16576114565181993
Trametinib,Sorafenib,0.13861386138613863,0.20689655172413793,0.6060606060606061,0.35929203539823007,0.32771576364227817,0.2720467951586126
Trametinib,Tofacitinib,0.13592233009708737,0.1875,0.5135135135135135,0.21497120921305182,0.2629767632059132,0.2128694131443931
Trametinib,Trametinib,1.0,1.0,1.0,1.0,1.0,0.9999999999999999
Trametinib,Vandetanib,0.18811881188118812,0.2711864406779661,0.581081081081081,0.307426597582038,0.3369532328055683,0.2881276631504658
Trametinib,Vemurafenib,0.14953271028037382,0.203125,0.47674418604651164,0.39823008849557523,0.30690799620561515,0.27294075823743585
Vandetanib,Ceritinib,0.17475728155339806,0.2711864406779661,0.5168539325842697,0.39429530201342283,0.33927323920726415,0.30375710053186306
Vandetanib,Ibrutinib,0.1485148514851485,0.22413793103448276,0.589041095890411,0.37475728155339805,0.3341127899908601,0.2831271288109499
Vandetanib,Lenvatinib,0.29213483146067415,0.37254901960784315,0.4805194805194805,0.38784067085953877,0.3832610006118842,0.36380930463036487
Vandetanib,Nintedanib,0.20202020202020202,0.26785714285714285,0.5949367088607594,0.38528896672504376,0.362525755115787,0.3160435643667925
Vandetanib,Regorafenib,0.16494845360824742,0.23636363636363636,0.4657534246575342,0.325187969924812,0.2980633711385575,0.26452536043476216
Vandetanib,Sunitinib,0.10101010101010101,0.1694915254237288,0.5512820512820513,0.44170403587443946,0.31587192839758016,0.2687899038206859
Vandetanib,Afatinib,0.30303030303030304,0.40350877192982454,0.72,0.47410358565737054,0.47516066515437455,0.4261927981852494
Vandetanib,Axitinib,0.14736842105263157,0.18181818181818182,0.30666666666666664,0.3042505592841163,0.2350259572053991,0.22069781531314558
Vandetanib,Bosutinib,0.3333333333333333,0.4583333333333333,0.8461538461538461,0.4654205607476635,0.525810268392044,0.46174155283968366
Vandetanib,Cabozantinib,0.25882352941176473,0.3541666666666667,0.527027027027027,0.347008547008547,0.3717564425285014,0.3407023256287962
Vandetanib,Crizotinib,0.1958762886597938,0.2857142857142857,0.6388888888888888,0.3813387423935091,0.3754545514141194,0.32276768391916544
Vandetanib,Dabrafenib,0.13402061855670103,0.23636363636363636,0.32608695652173914,0.2774869109947644,0.24348953060921022,0.22697004542670446
Vandetanib,Dasatinib,0.1568627450980392,0.25862068965517243,0.575,0.39626168224299063,0.34668627924905054,0.30102353509886065
Vandetanib,Erlotinib,0.3466666666666667,0.4090909090909091,0.7301587301587301,0.49056603773584906,0.49412058591303876,0.4469129570639005
Vandetanib,Gefitinib,0.45569620253164556,0.5777777777777777,0.859375,0.5406032482598608,0.6083630571423211,0.5581606685707852
Vandetanib,Imatinib,0.17475728155339806,0.3148148148148148,0.5942028985507246,0.375886524822695,0.3649153799354081,0.3190578762123448
Vandetanib,Lapatinib,0.22857142857142856,0.3333333333333333,0.6190476190476191,0.3889789303079417,0.39248282781508065,0.34716986956857293
Vandetanib,Nilotinib,0.12612612612612611,0.21666666666666667,0.43661971830985913,0.2901639344262295,0.26739411138222036,0.2335489899966926
Vandetanib,Pazopanib,0.17708333333333334,0.25925925925925924,0.375,0.33858267716535434,0.28748131743948674,0.2699775809273841
Vandetanib,Ponatinib,0.14545454545454545,0.2459016393442623,0.6527777777777778,0.3662420382165605,0.35259400019828646,0.29255724468238825
Vandetanib,Ruxolitinib,0.14130434782608695,0.2222222222222222,0.42424242424242425,0.29683698296836986,0.2711514943147758,0.24053330832924613
Vandetanib,Sorafenib,0.11458333333333333,0.18181818181818182,0.4657534246575342,0.31467181467181465,0.269206688620216,0.22989734141275237
Vandetanib,Tofacitinib,0.14736842105263157,0.24561403508771928,0.6376811594202898,0.3,0.33266590389016015,0.2716628527841342
Vandetanib,Trametinib,0.18811881188118812,0.2711864406779661,0.581081081081081,0.307426597582038,0.3369532328055683,0.2881276631504658
Vandetanib,Vandetanib,1.0,1.0,1.0,1.0,1.0,0.9999999999999999
Vandetanib,Vemurafenib,0.18556701030927836,0.2631578947368421,0.43820224719101125,0.40039840637450197,0.3218313896529084,0.29855721814528785
Vemurafenib,Ceritinib,0.1588785046728972,0.26229508196721313,0.5760869565217391,0.3868378812199037,0.3460246060954383,0.3000121360101781
Vemurafenib,Ibrutinib,0.11214953271028037,0.15873015873015872,0.4,0.37222222222222223,0.26077547841566534,0.2329305740987984
Vemurafenib,Lenvatinib,0.1919191919191919,0.3090909090909091,0.47619047619047616,0.4329896907216495,0.35254756698055667,0.32781898513857277
Vemurafenib,Nintedanib,0.11926605504587157,0.21666666666666667,0.4020618556701031,0.39661016949152544,0.2836511867185417,0.2599690529282294
Vemurafenib,Regorafenib,0.1958762886597938,0.34615384615384615,0.4444444444444444,0.3977272727272727,0.34605046299633924,0.32637166670671824
Vemurafenib,Sunitinib,0.17894736842105263,0.2909090909090909,0.43956043956043955,0.4112734864300626,0.33017259633016144,0.3082950276841058
Vemurafenib,Afatinib,0.2,0.30158730158730157,0.4946236559139785,0.4368029739776952,0.3582534828697438,0.33097944826089687
Vemurafenib,Axitinib,0.16666666666666666,0.28846153846153844,0.38461538461538464,0.3598233995584989,0.29989174732552215,0.28294701986754967
Vemurafenib,Bosutinib,0.12264150943396226,0.22033898305084745,0.42857142857142855,0.3504132231404959,0.28049128604918355,0.25087525754473455
Vemurafenib,Cabozantinib,0.15789473684210525,0.28846153846153844,0.43023255813953487,0.3938879456706282,0.3176191947784517,0.29509652210623505
Vemurafenib,Crizotinib,0.19,0.2542372881355932,0.47126436781609193,0.34210526315789475,0.314401729777395,0.2830292021696556
Vemurafenib,Dabrafenib,0.18947368421052632,0.32075471698113206,0.6296296296296297,0.4088397790055249,0.38717445245670323,0.3386834170221179
Vemurafenib,Dasatinib,0.18627450980392157,0.29310344827586204,0.4945054945054945,0.3732394366197183,0.3367807223012491,0.3052357678604
Vemurafenib,Erlotinib,0.13043478260869565,0.18518518518518517,0.4166666666666667,0.3380281690140845,0.267578700868658,0.23776110770905629
Vemurafenib,Gefitinib,0.16831683168316833,0.25862068965517243,0.4659090909090909,0.36666666666666664,0.31487831972852454,0.2846721654924113
Vemurafenib,Imatinib,0.18095238095238095,0.2807017543859649,0.3953488372093023,0.4118673647469459,0.31721758432364855,0.30159133374651775
Vemurafenib,Lapatinib,0.21100917431192662,0.3220338983050847,0.6976744186046512,0.424,0.41367937280541567,0.3568803636455685
Vemurafenib,Nilotinib,0.1743119266055046,0.2711864406779661,0.4358974358974359,0.37353433835845895,0.31373253538484136,0.2892995552823225
Vemurafenib,Pazopanib,0.1485148514851485,0.20689655172413793,0.5975609756097561,0.4090909090909091,0.34051582197748786,0.2891067912510343
Vemurafenib,Ponatinib,0.16216216216216217,0.23809523809523808,0.5,0.37925696594427244,0.3198785915504182,0.2838543098605018
Vemurafenib,Ruxolitinib,0.16129032258064516,0.21428571428571427,0.3684210526315789,0.2224622030237581,0.2416148231304241,0.21625357723019317
Vemurafenib,Sorafenib,0.15789473684210525,0.28846153846153844,0.4444444444444444,0.38372093023255816,0.31863041249516155,0.293467606105305
Vemurafenib,Tofacitinib,0.16666666666666666,0.23728813559322035,0.43023255813953487,0.24516129032258063,0.2698371626805006,0.2377580835886938
Vemurafenib,Trametinib,0.14953271028037382,0.203125,0.47674418604651164,0.39823008849557523,0.30690799620561515,0.27294075823743585
Vemurafenib,Vandetanib,0.18556701030927836,0.2631578947368421,0.43820224719101125,0.40039840637450197,0.3218313896529084,0.29855721814528785
Vemurafenib,Vemurafenib,1.0,1.0,1.0,1.0,1.0,0.9999999999999999
